coin,network,address,balance,Height,Third party custodian name
1INCH,ETH,0x28c6c06298d514db089934071355e5743bf21d60,12987845.850000000000000000,25878704,""
1INCH,ETH,0x18e226459ccf0eec276514a4fd3b226d8961e4d1,194024.698700000000000000,25878704,""
1INCH,ETH,0xf977814e90da44bfa03b6295a0616a897441acec,40000000.000000000000000000,25878704,""
1INCH,ETH,0x3a3c006053a9b40286b9951a11be4c5808c11dc8,306798.809000000000000000,25878704,Ceffu
1INCH,ETH,0x5a52e96bacdabb82fd05763e25335261b270efcb,89310829.290000000000000000,25878704,""
1INCH,ETH,0xdfd5293d8e347dfe59e90efd55b2956a1343963d,1698792.628000000000000000,25878704,""
1INCH,ETH,0x4ed6cf63bd9c009d247ee51224fc1c7041f517f1,19021.480980000000000000,25878704,""
1INCH,ETH,0x21a31ee1afc51d94c2efccaa2092ad1028285549,1732661.963000000000000000,25878704,""
1INCH,ETH,0x4aec0e98fc1fb55b9cc2faaa7a81acca42cb4e96,67665.156240000000000000,25878704,""
1INCH,ETH,0x98adef6f2ac8572ec48965509d69a8dd5e8bba9d,976025.722800000000000000,25878704,""
1INCH,BSC,0xe2fc31f816a9b94326492132018c3aecc4a93ae1,106914.010000000000000000,119243645,""
1INCH,BSC,0x18e226459ccf0eec276514a4fd3b226d8961e4d1,18.430000000000000000,119243645,""
1INCH,BSC,0xf977814e90da44bfa03b6295a0616a897441acec,3000000.000000000000000000,119243645,""
1INCH,BSC,0x08439901c2bb071cd0812ed329675c9657434083,15633.670000000000000000,119243645,Ceffu
1INCH,BSC,0x8894e0a0c962cb723c1976a4421c95949be2d4e3,376698.181600000000000000,119243645,""
AAVE,ETH,0x21a31ee1afc51d94c2efccaa2092ad1028285549,23730.834410000000000000,25878704,""
AAVE,ETH,0xdfd5293d8e347dfe59e90efd55b2956a1343963d,26427.199520000000000000,25878704,""
AAVE,ETH,0x28c6c06298d514db089934071355e5743bf21d60,143970.171000000000000000,25878704,""
AAVE,ETH,0xf977814e90da44bfa03b6295a0616a897441acec,500000.000000000000000000,25878704,""
AAVE,ETH,0x5a52e96bacdabb82fd05763e25335261b270efcb,500000.000000000000000000,25878704,""
AAVE,ETH,0x4aec0e98fc1fb55b9cc2faaa7a81acca42cb4e96,91.057735100000000000,25878704,""
AAVE,ETH,0x98adef6f2ac8572ec48965509d69a8dd5e8bba9d,93760.727440000000000000,25878704,""
AAVE,ETH,0x4ed6cf63bd9c009d247ee51224fc1c7041f517f1,353.954811700000000000,25878704,""
AAVE,BSC,0xe2fc31f816a9b94326492132018c3aecc4a93ae1,1249.664819000000000000,119243645,""
AAVE,BSC,0x18e226459ccf0eec276514a4fd3b226d8961e4d1,4023.891884000000000000,119243645,""
AAVE,BSC,0x43684d03d81d3a4c70da68febdd61029d426f042,4150.096319000000000000,119243645,""
AAVE,BSC,0xf977814e90da44bfa03b6295a0616a897441acec,200000.000000000000000000,119243645,""
AAVE,BSC,0x5a52e96bacdabb82fd05763e25335261b270efcb,68577.378000000000000000,119243645,""
AAVE,BSC,0x631fc1ea2270e98fbd9d92658ece0f5a269aa161,24.574993000000000000,119243645,""
AAVE,BSC,0x8894e0a0c962cb723c1976a4421c95949be2d4e3,26846.582960000000000000,119243645,""
AAVE,BSC,0x98adef6f2ac8572ec48965509d69a8dd5e8bba9d,0.139000000000000000,119243645,""
APT,APT,0xae1a6f3d3daccaf77b55044cea133379934bba04a11b9d0bbd643eae5e6e9c70,4041971.103000000000000000,1012869185,""
APT,APT,0xed8c46bec9dbc2b23c60568f822b95b87ea395f7e3fdb5e3adc0a30c55c0a60e,71724586.620000000000000000,1012869185,""
APT,APT,0x1d14ee0c332546658b13965a39faf5ec24ad195b722435d9fe23dc55487e67e3,125878.106200000000000000,1012869185,""
APT,APT,0x80174e0fe8cb2d32b038c6c888dd95c3e1560736f0d4a6e8bed6ae43b5c91f6f,10.015219320000000000,1012869185,""
APT,APT,0xc6ea9c27cd6737031631f6d4a4258f7ff87f3642da964a5fad49594847cce386,2439269.541000000000000000,1012869185,""
APT,APT,0x716666e019eb2cd1eea5ae29760e064f14984d8d6db2ff9ee56d0bd994e8c9b3,114195.498100000000000000,1012869185,""
APT,APT,0x292f853b48a28864755c971299ce8a73a3e32c19a0f7b8dbbf782482396e8ef3,2000000.299000000000000000,1012869185,""
APT,APT,0x33f91e694d40ca0a14cb84e1f27a4d03de5cf292b07ed75ed3286e4f243dab34,1437737.908000000000000000,1012869185,""
APT,APT,0xd91c64b777e51395c6ea9dec562ed79a4afa0cd6dad5a87b187c37198a1f855a,0.049990000000000000,1012869185,""
APT,APT,0x5bd7de5c56d5691f32ea86c973c73fec7b1445e59736c97158020018c080bb00,0.049990000000000000,1012869185,""
APT,APT,0x9fbc354d59041b8b1b8368e3e7397ac943a3c7c6da3ffde3aa4f4d221a1d205d,6333660.055000000000000000,1012869185,""
APT,APT,0xbdb53eb583ba02ab0606bdfc71b59a191400f75fb62f9df124494ab877cdfe2a,26030.105240000000000000,1012869185,""
APT,APT,0x265ca6100138fd7274fa66f043b7b259c44cdc64f75ffd634a4fb523d9d47d8c,402396.998000000000000000,1012869185,""
ARB,ETH,0x28c6c06298d514db089934071355e5743bf21d60,435975.599600000000000000,25878704,""
ARB,ETH,0xdfd5293d8e347dfe59e90efd55b2956a1343963d,52774.628690000000000000,25878704,""
ARB,ETH,0x21a31ee1afc51d94c2efccaa2092ad1028285549,266470.430700000000000000,25878704,""
ARB,ETH,0x4ed6cf63bd9c009d247ee51224fc1c7041f517f1,19284.731860000000000000,25878704,""
ARB,ETH,0x98adef6f2ac8572ec48965509d69a8dd5e8bba9d,127.849100000000000000,25878704,""
ARB,ARBITRUM,0xb38e8c17e38363af6ebdcb3dae12e0243582891d,42442106.120000000000000000,500455224,""
ARB,ARBITRUM,0x25681ab599b4e2ceea31f8b498052c53fc2d74db,9139697.392000000000000000,500455224,""
ARB,ARBITRUM,0x3931dab967c3e2dbb492fe12460a66d0fe4cc857,10819440.900000000000000000,500455224,""
ARB,ARBITRUM,0x4aec0e98fc1fb55b9cc2faaa7a81acca42cb4e96,134783.614300000000000000,500455224,""
ARB,ARBITRUM,0xf92402bb795fd7cd08fb83839689db79099c8c9c,1.0000000000E-8,500455224,""
ARB,ARBITRUM,0x18e226459ccf0eec276514a4fd3b226d8961e4d1,2145412.350000000000000000,500455224,""
ARB,ARBITRUM,0x86523c87c8ec98c7539e2c58cd813ee9d1a08d96,3887472.923000000000000000,500455224,""
ARB,ARBITRUM,0x5a52e96bacdabb82fd05763e25335261b270efcb,14135865.380000000000000000,500455224,""
ARB,ARBITRUM,0x835678a611b28684005a5e2233695fb6cbbb0007,14991929.020000000000000000,500455224,""
ARB,ARBITRUM,0xf977814e90da44bfa03b6295a0616a897441acec,640000000.000000000000000000,500455224,""
ARB,ARBITRUM,0x98adef6f2ac8572ec48965509d69a8dd5e8bba9d,17718437.590000000000000000,500455224,""
ARB,ARBITRUM,0x4ed6cf63bd9c009d247ee51224fc1c7041f517f1,687486.948900000000000000,500455224,""
ARB,ARBITRUM,0xc8812d1d1918587924ad84bcf8687bfbb1231f85,180978.190100000000000000,500455224,Ceffu
ARB,ARBITRUM,0x43684d03d81d3a4c70da68febdd61029d426f042,92468121.300000000000000000,500455224,""
ARB,ARBITRUM,0xa7c0d36c4698981fab42a7d8c783674c6fe2592d,18.073726000000000000,500455224,""
ARB,ARBITRUM,0xd3a22590f8243f8e83ac230d1842c9af0404c4a1,388147.050900000000000000,500455224,Ceffu
ASTER,BSC,0xe2fc31f816a9b94326492132018c3aecc4a93ae1,5354167.832000000000000000,119243645,""
ASTER,BSC,0x18e226459ccf0eec276514a4fd3b226d8961e4d1,6339838.040000000000000000,119243645,""
ASTER,BSC,0x4ed6cf63bd9c009d247ee51224fc1c7041f517f1,64822.626130000000000000,119243645,""
ASTER,BSC,0x43684d03d81d3a4c70da68febdd61029d426f042,4839201.162000000000000000,119243645,""
ASTER,BSC,0x5a52e96bacdabb82fd05763e25335261b270efcb,293175582.000000000000000000,119243645,""
ASTER,BSC,0xf977814e90da44bfa03b6295a0616a897441acec,45000005.000000000000000000,119243645,""
ASTER,BSC,0x08439901c2bb071cd0812ed329675c9657434083,1960193.643000000000000000,119243645,Ceffu
ASTER,BSC,0x8894e0a0c962cb723c1976a4421c95949be2d4e3,9519649.276000000000000000,119243645,""
ASTER,BSC,0x98adef6f2ac8572ec48965509d69a8dd5e8bba9d,5035471.050000000000000000,119243645,""
ASTER,BSC,0x28e8d4eab37cfbf49edf7ff39c27377b7ae3a2a0,15000045.000000000000000000,119243645,""
BCH,BCH,19dQkvaH2NGgkGomzZu3qrnqRGCicXwedM,34430.306540000000000000,966541,""
BCH,BCH,1JyNxYBkMSDRRaVzPZRzgJxpHkRoK28d7D,1995.154984000000000000,966541,""
BCH,BCH,181Hj4Ek3BKy6g6MJgC7y4dBuGCfb7vLgr,10190.898980000000000000,966541,""
BCH,BCH,1NbpHNjzNeNSUfHoJFSDsTNBZ8PxSXwtjv,135.074869900000000000,966541,""
BCH,BCH,1CmrFm46zDgJ1bLrx5Qqbcq8fYkKLuv6fk,0.000098330000000000,966541,""
BCH,BCH,14tHJKwVexfcZfVe7nbMhEG8vJYgWwuQNZ,2666.324993000000000000,966541,""
BCH,BCH,1DHLUNgGMib8sB5G7U8VttsrXig7i8T6Gf,1429.498991000000000000,966541,""
BCH,BCH,1G949ToNzeWSHqBCmvYRukaK6SqQtLdc8C,20000.000010000000000000,966541,""
BCH,BCH,1B5U8NEMomA1HAppe7rJ4o8hsxY7UPG88E,8511.255989000000000000,966541,""
BCH,BCH,1A99nzEmgwixrwAKT16zGG1ZWnGBdsrFQP,1274.351984000000000000,966541,""
BCH,BCH,19UKPC3A7L842ZzP4Rw4Vg4vQ1rrsvmuJ1,639.097979100000000000,966541,""
BCH,BCH,1B6cHqiZhcztHWriiyVrBbS7orHkSbjwbU,513.676992500000000000,966541,""
BCH,BCH,17mysUYgXauUXfbe1ahKFiS3sB2rhiYrEL,31.934984340000000000,966541,""
BCH,BCH,1KMcFqQxgJr7X9ADVGy28FSji4BuADkqUr,1940.319907000000000000,966541,""
BCH,BCH,1Pzaqw98PeRfyHypfqyEgg5yycJRsENrE7,0.011272830000000000,966541,""
BCH,BCH,1JnR1TSoMfHNWHH2Ep5brXiVmkf4FMyTN1,2591.210982000000000000,966541,""
BCH,BCH,1M4mQ3oqSvf42uqxEDJVdTyDRR9ubQBmT8,4160.050993000000000000,966541,""
BCH,BCH,1Gi1qU3esZcmJtPphC19ZpNpVNL8ZFWFsM,0.120472920000000000,966541,""
BCH,BCH,13oMyD7rJqSajN1b3hSDcScA5AYg83ANgE,2313.136551000000000000,966541,""
BCH,BCH,1FdqhDw3tTsfbCo5Fs1DkAUByqV1CUyk5,363.018984300000000000,966541,""
BCH,BCH,1PijuzE3xEPGt4jzRxbfTuRaio5dRsziRf,17553.534990000000000000,966541,""
BCH,BCH,1Np9RvgpNve8hQ9H5oeGQ71T9uerDx32rr,411.526988000000000000,966541,""
BCH,BCH,13x9yiWVqExJY5jroS6o2QiDy3o4Ea6pcp,5572.607989000000000000,966541,""
BCH,BCH,1P86nZCNWUiynP52AK2eTuTGZXYUTwX6qQ,606682.767100000000000000,966541,""
BCH,BCH,1KuPikhUYtHz3fmSQ2UvotpUuN672NuEcm,5038.773535000000000000,966541,""
BCH,BCH,1EFzeCKs4bDZhdE1frbJjz4nZCovTJypPP,579.532979900000000000,966541,""
BCH,ETH,0x28c6c06298d514db089934071355e5743bf21d60,1499.012000000000000000,25878704,""
BCH,BSC,0x18e226459ccf0eec276514a4fd3b226d8961e4d1,750.638603900000000000,119243645,""
BCH,BSC,0x4ed6cf63bd9c009d247ee51224fc1c7041f517f1,40.346636860000000000,119243645,""
BCH,BSC,0x43684d03d81d3a4c70da68febdd61029d426f042,2026.403653000000000000,119243645,""
BCH,BSC,0xe2fc31f816a9b94326492132018c3aecc4a93ae1,156.276970000000000000,119243645,""
BCH,BSC,0x5a52e96bacdabb82fd05763e25335261b270efcb,34861.693030000000000000,119243645,""
BCH,BSC,0xf977814e90da44bfa03b6295a0616a897441acec,9000.000000000000000000,119243645,""
BCH,BSC,0x8894e0a0c962cb723c1976a4421c95949be2d4e3,3479.309471000000000000,119243645,""
BCH,BSC,0x98adef6f2ac8572ec48965509d69a8dd5e8bba9d,15956.391910000000000000,119243645,""
BCH,BCH,14MS72FgWMqQmqGfqEVuh73efqZTzisQx2,155.912107400000000000,966541,""
BNB,BSC,0xa180fe01b906a1be37be6c534a3300785b20d947,4447.776870000000000000,119243645,""
BNB,BSC,0x8894e0a0c962cb723c1976a4421c95949be2d4e3,33204.057840000000000000,119243645,""
BNB,BSC,0x1fbe2acee135d991592f167ac371f3dd893a508b,4979.755539000000000000,119243645,""
BNB,BSC,0xbd612a3f30dca67bf60a39fd0d35e39b7ab80774,4530.038095000000000000,119243645,""
BNB,BSC,0x01c952174c24e1210d26961d456a77a39e1f0bb0,4249.457210000000000000,119243645,""
BNB,BSC,0x515b72ed8a97f42c568d6a143232775018f133c8,4140.647024000000000000,119243645,""
BNB,BSC,0xe2fc31f816a9b94326492132018c3aecc4a93ae1,3482.673091000000000000,119243645,""
BNB,BSC,0x161ba15a5f335c9f06bb5bbb0a9ce14076fbb645,4032.422504000000000000,119243645,""
BNB,BSC,0x3c783c21a0383057d128bae431894a5c19f9cf06,3244.536836000000000000,119243645,""
BNB,BSC,0xeb2d2f1b8c558a40207669291fda468e50c8a0bb,2695.295180000000000000,119243645,""
BNB,BSC,0x73f5ebe90f27b46ea12e5795d16c4b408b19cc6f,3888.131806000000000000,119243645,""
BNB,BSC,0xdccf3b77da55107280bd850ea519df3705d1a75a,4266.824053000000000000,119243645,""
BNB,BSC,0x29bdfbf7d27462a2d115748ace2bd71a2646946c,3321.744614000000000000,119243645,""
BNB,ETH,0xf977814e90da44bfa03b6295a0616a897441acec,90399.239330000000000000,25878704,""
BNB,ETH,0x28c6c06298d514db089934071355e5743bf21d60,1373.687735000000000000,25878704,""
BNB,ETH,0xdfd5293d8e347dfe59e90efd55b2956a1343963d,3.478000000000000000,25878704,""
BNB,ETH,0x21a31ee1afc51d94c2efccaa2092ad1028285549,2000.000000000000000000,25878704,""
BNB,BSC,0x98adef6f2ac8572ec48965509d69a8dd5e8bba9d,80379.080530000000000000,119243645,""
BNB,BSC,0x43684d03d81d3a4c70da68febdd61029d426f042,21434.393800000000000000,119243645,""
BNB,BSC,0xf977814e90da44bfa03b6295a0616a897441acec,6393166.074000000000000000,119243645,""
BNB,OPBNB,0x001ceb373c83ae75b9f5cf78fc2aba3e185d09e2,7623.741552000000000000,180415476,""
BNB,BSC,0x18e226459ccf0eec276514a4fd3b226d8961e4d1,168015.855100000000000000,119243645,""
BNB,BSC,0x5a52e96bacdabb82fd05763e25335261b270efcb,1849901.427000000000000000,119243645,""
BNB,BSC,0x0e4158c85ff724526233c1aeb4ff6f0c46827fbe,0.002077900000000000,119243645,Ceffu
BNB,BSC,0x86523c87c8ec98c7539e2c58cd813ee9d1a08d96,178007.011600000000000000,119243645,""
BNB,BSC,0xbe0eb53f46cd790cd13851d5eff43d12404d33e8,17195730.370000000000000000,119243645,""
BNB,BSC,0x4ed6cf63bd9c009d247ee51224fc1c7041f517f1,2178.557499000000000000,119243645,""
BNB,BSC,0x835678a611b28684005a5e2233695fb6cbbb0007,8361587.902000000000000000,119243645,""
BNB,BSC,0xbf83d18a46325acb7d8f40a462d23a92f467ed7a,8411865.966000000000000000,119243645,""
BNB,BSC,0xa7c0d36c4698981fab42a7d8c783674c6fe2592d,131546.179200000000000000,119243645,""
BNB,BSC,0xd3a22590f8243f8e83ac230d1842c9af0404c4a1,501876.889800000000000000,119243645,Ceffu
BNB,BSC,0x08439901c2bb071cd0812ed329675c9657434083,10683.362910000000000000,119243645,Ceffu
BNB,BSC,0x4fdfe365436b5273a42f135c6a6244a20404271e,8596.045661000000000000,119243645,""
BNB,BSC,0x4aec0e98fc1fb55b9cc2faaa7a81acca42cb4e96,22694.109790000000000000,119243645,""
BNB,BSC,0xb2a6A72843db0F508204A56448413f3867Ea691a,23000.068990000000000000,119243645,""
BNB,OPBNB,0x98adef6f2ac8572ec48965509d69a8dd5e8bba9d,0.053499860000000000,180415476,""
BNB,OPBNB,0xf977814e90da44bfa03b6295a0616a897441acec,51451.020000000000000000,180415476,""
BOME,SOL,5tzFkiKscXHK5ZXCGbXZxdw7gTjjD1mBwuoFbhUvuAi9,2648114223.000000000000000000,443282097,""
BOME,SOL,G9RCBaYb8aBRxoe8QBC2ucGrVqjuZFysRhY8d56cnNT1,83862562.460000000000000000,443282097,""
BOME,SOL,GBrURzmtWujJRTA3Bkvo7ZgWuZYLMMwPCwre7BejJXnK,1314140637.000000000000000000,443282097,""
BOME,SOL,38xCLm9kSExfGU1GdyVuX4vop7SZns9kU2mQyTmmMdUP,295643731.400000000000000000,443282097,""
BOME,SOL,3gd3dqgtJ4jWfBfLYTX67DALFetjc5iS72sCgRhCkW2u,6586299051.000000000000000000,443282097,""
BOME,SOL,6QJzieMYfp7yr3EdrePaQoG3Ghxs2wM98xSLRu8Xh56U,831689174.000000000000000000,443282097,""
BOME,SOL,9WzDXwBbmkg8ZTbNMqUxvQRAyrZzDsGYdLVL9zYtAWWM,17951147169.000000000000000000,443282097,""
BTC,BTC,bc1qhnkhmyx43k9uewvftqup259yp8h39wj2ewc50h,2499.990940000000000000,964957,Ceffu
BTC,BTC,bc1qm34lsc65zpw79lxes69zkqmk6ee3ewf0j77s3h,13332.220280000000000000,964957,""
BTC,BTC,3M3EtJGx5Dy9nCATLDhyRCrKGc38QC9z2e,0.000032650000000000,964957,""
BTC,BTC,34xp4vRoCGJym3xR7yCVPFHoCNxv4Twseo,248597.592300000000000000,964957,""
BTC,BTC,bc1qq393eyjh8hdjvcchy0mxquhh9wx8h3kzlkchfs,1958.062611000000000000,964957,Ceffu
BTC,BTC,3HkPQSi1xso1Zh1EeqLjkMpura63fr5HRn,215.687083800000000000,964957,""
BTC,BTC,bc1qdtmav38lca8yu3rrcknnqx5242cckgxqws7m72,949.359492900000000000,964957,""
BTC,BTC,3AQ8bAh88TQU7JV1H3ovXrwsuV6s3zYZuN,0.000010870000000000,964957,""
BTC,BTC,bc1qquax5zzensg9mkejdgq3q3h76v34cug96zk0f6,763.060605700000000000,964957,""
BTC,BTC,bc1q78ufzeu8w8fwvxuphrdlg446xhyptf28fkatu5,0.004937600000000000,964957,Ceffu
BTC,BTC,1DEuKerATHWRfyB14s6QCt4LPkfCTx4zaW,2537.710158000000000000,964957,""
BTC,BTC,395vnFScKQ1ay695C6v7gf89UzoFpx3WuJ,1758.530405000000000000,964957,""
BTC,BTC,3F1ZmTDAv6q3xrnT3tpm55DkCDzxhstU2Z,39.118995050000000000,964957,""
BTC,BTC,bc1q32lyrhp9zpww22phqjwwmelta0c8a5q990ghs6,4046.580755000000000000,964957,Ceffu
BTC,BTC,3AtnehKDkFPC1bKvdrEVPSRGCtxQH8F1R8,0.000005460000000000,964957,""
BTC,BTC,378GLcve92X2Q4UrCyoMFDL5k5QrzeG7JN,0.000010930000000000,964957,""
BTC,BTC,3QK5vQ9hucSg8ZC8Vizq83qEWeHFLAWMud,0.000010930000000000,964957,""
BTC,BTC,3NjHh71XgjikBoTNYdWgXiNeZcLaKNThgb,0.000006000000000000,964957,""
BTC,BTC,3FHNBLobJnbCTFTVakh5TXmEneyf5PT61B,31275.352670000000000000,964957,""
BTC,BTC,32bhzEniykYRFADVaRM5PYswsjC23cxtes,0.000027670000000000,964957,""
BTC,BTC,34ryUknRsda7w9yXqzjLhgRPZLPV43rpsd,5564.886064000000000000,964957,""
BTC,BTC,32BgTv3NSYbMsBTwDbNNN2GKZPCTJSkqDv,0.000007000000000000,964957,""
BTC,BTC,31jUs8yQNVc9p6YuUPctWCkdhH7u8UiUba,707.111988500000000000,964957,""
BTC,BTC,bc1q5n5dy7jgqhmpnmx44d3780qefzaphjreds0z9y,164.586272700000000000,964957,""
BTC,BTC,bc1q9n7j6a5wwru6tad9xrlncnagresvyjt96pl3en,1200.019572000000000000,964957,""
BTC,BTC,3EVVc8e2rxwUuERtdJCduWig8DnpsUqyA6,0.000005460000000000,964957,""
BTC,BTC,3HkgC2R5PhqyXy6RVFyemvxN1VuFbQiQ5V,0.000105560000000000,964957,""
BTC,BTC,3M219KR5vEneNb47ewrPfWyb5jQ2DjxRP6,214225.458100000000000000,964957,""
BTC,BTC,1PPWMe42cywnM61nVatkmiggwdRQYLiCyS,406.242821300000000000,964957,""
BTC,BTC,3PXBET2GrTwCamkeDzKCx8DeGDyrbuGKoc,0.000087370000000000,964957,""
BTC,BTC,36oiSkAi1VVuUpfdv8E2V5fZ2EarHRJpis,0.000007770000000000,964957,""
BTC,BTC,3AeUiDpPPUrUBS377584sFCpx8KLfpX9Ry,467.513181200000000000,964957,""
BTC,BTC,39CnKMu9KWvFAabLJ5BYghVfSqHgC2VShe,8092.515610000000000000,964957,""
BTC,BTC,3BzYxZXkdpkrFTWzKkWGRoWXJMuN2Ko621,1193.180014000000000000,964957,""
BTC,BTC,3Kyo49ThRZPMukuYqPgqPejYeUpHvkA1EM,535.324045400000000000,964957,""
BTC,BTC,bc1q5qvs2dzzydqt4ygfn0k0ertjnv8ctytgcdz7l0,1731.029921000000000000,964957,""
BTC,BTC,1KuPikhUYtHz3fmSQ2UvotpUuN672NuEcm,4178.349539000000000000,964957,""
BTC,BTC,3FJ9hQuRtzy7pCqKHjeBGRDcY3fJbhHYXD,177.388116700000000000,964957,""
BTC,BTC,1Pzaqw98PeRfyHypfqyEgg5yycJRsENrE7,1811.001283000000000000,964957,""
BTC,BTC,bc1q5rsc4uscnmemlwru8xsys26k3xgxewqfnf3k7j,500.999924400000000000,964957,""
BTC,BTC,3CySuFKbBS29M7rE5iJakZRNqb3msMeFoN,0.000011460000000000,964957,""
BTC,BTC,3Q6ZCgJ3e4shasccLHen1VNUpReZTsjmsR,179.172982500000000000,964957,""
BTC,BTC,3JFJPpH8Chwo7CDbyYQ4XcfgcjEP1FGRMJ,193.948495200000000000,964957,""
BTC,BTC,3KRduELtTmxBtqYpZviPysXoJDxdtdxFLZ,626.793036200000000000,964957,""
BTC,BTC,3E97AjYaCq9QYnfFMtBCYiCEsN956Rvpj2,0.000273580000000000,964957,""
BTC,BTC,12VuUfQHTGqWDvBzm8TBad1mZBm4hjGEzN,10355.845980000000000000,964957,""
BTC,BTC,bc1q7t9fxfaakmtk8pj7tdxjvwsng6y9x76czuaf5h,6276.000201000000000000,964957,""
BTC,BTC,3LcgLHzTvjLKBixBvkKGiadtiw2GBSKKqH,1999.797819000000000000,964957,""
BTC,BTC,3LQUu4v9z6KNch71j7kbj8GPeAGUo1FW6a,37927.078350000000000000,964957,""
BTC,BTC,1PJiGp2yDLvUgqeBsuZVCBADArNsk6XEiw,15799.583000000000000000,964957,""
BTC,BTC,34HpHYiyQwg69gFmCq2BGHjF1DZnZnBeBP,16306.629580000000000000,964957,""
BTC,BTC,3HdGoUTbcztBnS7UzY4vSPYhwr424CiWAA,1999.917091000000000000,964957,""
BTC,BTC,3Nm3c4gqVmvCmeP1sYvDchbb1r4QMu6emn,23.342987090000000000,964957,""
BTC,BTC,32KqbtrRVxC6GLUJgJhVQtFTaCdq4GrgBb,0.000018520000000000,964957,""
BTC,BSC,0xe2fc31f816a9b94326492132018c3aecc4a93ae1,248.186100800000000000,119243645,""
BTC,ETH,0xf977814e90da44bfa03b6295a0616a897441acec,1000.000000000000000000,25878704,""
BTC,ETH,0x28c6c06298d514db089934071355e5743bf21d60,4.134194110000000000,25878704,""
BTC,ETH,0x18e226459ccf0eec276514a4fd3b226d8961e4d1,0.019551940000000000,25878704,""
BTC,ETH,0xdfd5293d8e347dfe59e90efd55b2956a1343963d,4.341918500000000000,25878704,""
BTC,ETH,0x21a31ee1afc51d94c2efccaa2092ad1028285549,9.147498850000000000,25878704,""
BTC,ETH,0x5a52e96bacdabb82fd05763e25335261b270efcb,1156.484100000000000000,25878704,""
BTC,BSC,0x8894e0a0c962cb723c1976a4421c95949be2d4e3,1846.095848000000000000,119243645,""
BTC,BSC,0x18e226459ccf0eec276514a4fd3b226d8961e4d1,0.094640910000000000,119243645,""
BTC,BSC,0x835678a611b28684005a5e2233695fb6cbbb0007,514.000000000000000000,119243645,""
BTC,BSC,0x5a52e96bacdabb82fd05763e25335261b270efcb,17781.956470000000000000,119243645,""
BTC,BSC,0xd3a22590f8243f8e83ac230d1842c9af0404c4a1,1070.966805000000000000,119243645,Ceffu
BTC,BSC,0xf977814e90da44bfa03b6295a0616a897441acec,19000.000000000000000000,119243645,""
BTC,BSC,0x08439901c2bb071cd0812ed329675c9657434083,196.103735800000000000,119243645,Ceffu
BUSD,ETH,0x28c6c06298d514db089934071355e5743bf21d60,205023.348600000000000000,25878704,""
BUSD,ETH,0xdfd5293d8e347dfe59e90efd55b2956a1343963d,13.151421340000000000,25878704,""
BUSD,ETH,0x21a31ee1afc51d94c2efccaa2092ad1028285549,0.413919280000000000,25878704,""
BUSD,ETH,0xd3a22590f8243f8e83ac230d1842c9af0404c4a1,1471.989909000000000000,25878704,Ceffu
BUSD,TRX,TDqSquXBgUCLYvYC4XZgrprLK589dkhSCf,111074.109500000000000000,85849746,""
BUSD,TRX,TNXoiAJ3dct8Fjg4M9fkLFh9S2v9TXc32G,8.10000000000E-7,85849746,""
BUSD,OPTIMISM,0xacd03d601e5bb1b275bb94076ff46ed9d753435a,4097.158029000000000000,156311011,""
BUSD,MATIC,0xe7804c37c13166ff0b37f5ae0bb07a3aebb6e245,156880.612700000000000000,93010514,""
BUSD,MATIC,0x98adef6f2ac8572ec48965509d69a8dd5e8bba9d,0.800000000000000000,93010514,""
BUSD,AVAXC,0x9f8c163cba728e99993abe7495f06c0a3c8ac8b9,128031.201600000000000000,94159927,""
BUSD,BSC,0x0e4158c85ff724526233c1aeb4ff6f0c46827fbe,1.0000000000E-8,119243645,Ceffu
BUSD,BSC,0x73f5ebe90f27b46ea12e5795d16c4b408b19cc6f,1.0000000000E-8,119243645,""
BUSD,BSC,0x161ba15a5f335c9f06bb5bbb0a9ce14076fbb645,1.0000000000E-8,119243645,""
BUSD,BSC,0x3c783c21a0383057d128bae431894a5c19f9cf06,0.332051460000000000,119243645,""
BUSD,BSC,0x29bdfbf7d27462a2d115748ace2bd71a2646946c,1.0000000000E-8,119243645,""
BUSD,BSC,0xe2fc31f816a9b94326492132018c3aecc4a93ae1,9.493715200000000000,119243645,""
BUSD,BSC,0xf977814e90da44bfa03b6295a0616a897441acec,33.869414680000000000,119243645,""
BUSD,BSC,0x515b72ed8a97f42c568d6a143232775018f133c8,1.0000000000E-8,119243645,""
BUSD,BSC,0x5a52e96bacdabb82fd05763e25335261b270efcb,1.0000000000E-8,119243645,""
BUSD,BSC,0xd3a22590f8243f8e83ac230d1842c9af0404c4a1,341.082915900000000000,119243645,Ceffu
BUSD,BSC,0x8894e0a0c962cb723c1976a4421c95949be2d4e3,224519.081600000000000000,119243645,""
CAKE,BSC,0x3c783c21a0383057d128bae431894a5c19f9cf06,114089.407300000000000000,119243645,""
CAKE,ETH,0xf977814e90da44bfa03b6295a0616a897441acec,348849.000000000000000000,25878704,""
CAKE,ETH,0x28c6c06298d514db089934071355e5743bf21d60,368217.801800000000000000,25878704,""
CAKE,ETH,0xdfd5293d8e347dfe59e90efd55b2956a1343963d,53461.191920000000000000,25878704,""
CAKE,ETH,0x4ed6cf63bd9c009d247ee51224fc1c7041f517f1,24593.946360000000000000,25878704,""
CAKE,ETH,0x21a31ee1afc51d94c2efccaa2092ad1028285549,75000.000000000000000000,25878704,""
CAKE,BSC,0xe2fc31f816a9b94326492132018c3aecc4a93ae1,91148.168860000000000000,119243645,""
CAKE,BSC,0x8894e0a0c962cb723c1976a4421c95949be2d4e3,1561875.311000000000000000,119243645,""
CAKE,BSC,0x18e226459ccf0eec276514a4fd3b226d8961e4d1,191506.040600000000000000,119243645,""
CAKE,BSC,0xdccf3b77da55107280bd850ea519df3705d1a75a,83840.856830000000000000,119243645,""
CAKE,BSC,0x43684d03d81d3a4c70da68febdd61029d426f042,1025474.505000000000000000,119243645,""
CAKE,BSC,0x5a52e96bacdabb82fd05763e25335261b270efcb,41330576.760000000000000000,119243645,""
CAKE,BSC,0xf977814e90da44bfa03b6295a0616a897441acec,78197460.670000000000000000,119243645,""
CAKE,BSC,0x98adef6f2ac8572ec48965509d69a8dd5e8bba9d,1095726.807000000000000000,119243645,""
CAKE,APT,0xae1a6f3d3daccaf77b55044cea133379934bba04a11b9d0bbd643eae5e6e9c70,1258.755346000000000000,1012869185,""
CAKE,APT,0xed8c46bec9dbc2b23c60568f822b95b87ea395f7e3fdb5e3adc0a30c55c0a60e,3355248.722000000000000000,1012869185,""
CHR,ETH,0xf977814e90da44bfa03b6295a0616a897441acec,130000000.000000000000000000,25878704,""
CHR,ETH,0x28c6c06298d514db089934071355e5743bf21d60,69353596.540000000000000000,25878704,""
CHR,ETH,0x308a2a0712570daeea77c8ba9c27a32cdc4000d4,40.000000000000000000,25878704,""
CHR,ETH,0x5a52e96bacdabb82fd05763e25335261b270efcb,57254378.380000000000000000,25878704,""
CHR,ETH,0xdfd5293d8e347dfe59e90efd55b2956a1343963d,8146594.107000000000000000,25878704,""
CHR,ETH,0x21a31ee1afc51d94c2efccaa2092ad1028285549,6680873.184000000000000000,25878704,""
CHR,ETH,0x4ed6cf63bd9c009d247ee51224fc1c7041f517f1,5127724.990000000000000000,25878704,""
CHR,ETH,0x98adef6f2ac8572ec48965509d69a8dd5e8bba9d,8112358.982000000000000000,25878704,""
CHR,CHR,3008bc6fb654a749fc2f903772545b939a9b5d8047ea2437b8675952bdd6efd0,109034579.500000000000000000,21404733,""
CHR,BSC,0x8894e0a0c962cb723c1976a4421c95949be2d4e3,12082690.440000000000000000,119243645,""
CHR,BSC,0x18e226459ccf0eec276514a4fd3b226d8961e4d1,2158094.770000000000000000,119243645,""
CHR,BSC,0xe2fc31f816a9b94326492132018c3aecc4a93ae1,1349877.698000000000000000,119243645,""
CHR,BSC,0x5a52e96bacdabb82fd05763e25335261b270efcb,24907701.320000000000000000,119243645,""
CHR,BSC,0xf977814e90da44bfa03b6295a0616a897441acec,88535169.480000000000000000,119243645,""
CHR,BSC,0x631fc1ea2270e98fbd9d92658ece0f5a269aa161,47653.433000000000000000,119243645,""
CHZ,ETH,0x21a31ee1afc51d94c2efccaa2092ad1028285549,3762915.450000000000000000,25878704,""
CHZ,ETH,0x3a3c006053a9b40286b9951a11be4c5808c11dc8,1712692.958000000000000000,25878704,Ceffu
CHZ,ETH,0x18e226459ccf0eec276514a4fd3b226d8961e4d1,1181789.764000000000000000,25878704,""
CHZ,ETH,0xf977814e90da44bfa03b6295a0616a897441acec,222176005.700000000000000000,25878704,""
CHZ,ETH,0x86523c87c8ec98c7539e2c58cd813ee9d1a08d96,25972265.180000000000000000,25878704,""
CHZ,ETH,0x28c6c06298d514db089934071355e5743bf21d60,38333647.640000000000000000,25878704,""
CHZ,ETH,0xdfd5293d8e347dfe59e90efd55b2956a1343963d,3793242.710000000000000000,25878704,""
CHZ,ETH,0x4ed6cf63bd9c009d247ee51224fc1c7041f517f1,1103826.342000000000000000,25878704,""
CHZ,ETH,0x98adef6f2ac8572ec48965509d69a8dd5e8bba9d,746880.642600000000000000,25878704,""
CHZ,CHZ2,0x5a52e96bacdabb82fd05763e25335261b270efcb,6999979.234000000000000000,37150701,""
CHZ,CHZ2,0xf977814e90da44bfa03b6295a0616a897441acec,1260000000.000000000000000000,37150701,""
CHZ,CHZ2,0x87917d879ba83ce3ada6e02d49a10c1ec1988062,45084096.730000000000000000,37150701,""
CHZ,CHZ2,0x98adef6f2ac8572ec48965509d69a8dd5e8bba9d,14678847.120000000000000000,37150701,""
CHZ,CHZ2,0x4ed6cf63bd9c009d247ee51224fc1c7041f517f1,294720.712500000000000000,37150701,""
CHZ,CHZ2,0x43684d03d81d3a4c70da68febdd61029d426f042,244931172.700000000000000000,37150701,""
CRV,ETH,0x28c6c06298d514db089934071355e5743bf21d60,11601459.240000000000000000,25878704,""
CRV,ETH,0x18e226459ccf0eec276514a4fd3b226d8961e4d1,575538.100800000000000000,25878704,""
CRV,ETH,0xf977814e90da44bfa03b6295a0616a897441acec,10000000.000000000000000000,25878704,""
CRV,ETH,0x5a52e96bacdabb82fd05763e25335261b270efcb,165480873.800000000000000000,25878704,""
CRV,ETH,0xdfd5293d8e347dfe59e90efd55b2956a1343963d,1735331.414000000000000000,25878704,""
CRV,ETH,0x21a31ee1afc51d94c2efccaa2092ad1028285549,988831.161000000000000000,25878704,""
CRV,ETH,0x4aec0e98fc1fb55b9cc2faaa7a81acca42cb4e96,11249.379450000000000000,25878704,""
CRV,ETH,0x4ed6cf63bd9c009d247ee51224fc1c7041f517f1,631729.418800000000000000,25878704,""
CRV,ETH,0x98adef6f2ac8572ec48965509d69a8dd5e8bba9d,8880587.180000000000000000,25878704,""
CRV,OPTIMISM,0xacd03d601e5bb1b275bb94076ff46ed9d753435a,4195304.451000000000000000,156311011,""
CRV,ARBITRUM,0x3931dab967c3e2dbb492fe12460a66d0fe4cc857,25769.879710000000000000,500455224,""
CRV,ARBITRUM,0x25681ab599b4e2ceea31f8b498052c53fc2d74db,148353.762000000000000000,500455224,""
CRV,ARBITRUM,0x43684d03d81d3a4c70da68febdd61029d426f042,1267990.252000000000000000,500455224,""
CRV,ARBITRUM,0xb38e8c17e38363af6ebdcb3dae12e0243582891d,3178879.308000000000000000,500455224,""
DOGE,DOGE,DJfU2p6woQ9GiBdiXsWZWJnJ9uDdZfSSNC,286262453.600000000000000000,6355522,""
DOGE,DOGE,DEth4cF3doxmbcv9ofH3vm4j2NCozn8DL6,489672.689700000000000000,6355522,""
DOGE,DOGE,DPcqvZT8SbQ2dZKzZe2VXTpaKGzGHqQWoy,3313963.046000000000000000,6355522,""
DOGE,DOGE,DUMB7o1jqJvpriAAExmEFi1Y88s5q94fi9,10906385.920000000000000000,6355522,""
DOGE,DOGE,DHnhi38hJyTVP6hCtTeH2dkjLU7Acwfdbd,1.144232040000000000,6355522,Ceffu
DOGE,DOGE,DTbG3RJRejnM99g8MSnhSbJxJVW8X7YXy9,204588737.600000000000000000,6355522,""
DOGE,DOGE,DE5opaXjFgDhFBqL6tBDxTAQ56zkX6EToX,9673927519.000000000000000000,6355522,""
DOGE,DOGE,DTXbttzfvPr4t6CPEAtKKUrHpm9hpfgahu,542.182374000000000000,6355522,""
DOGE,DOGE,D6e11vLvkgjnkvNbViSk8PBNSKVN4dupx8,240890600.500000000000000000,6355522,""
DOGE,DOGE,DA4kkg23oQ2wS4UPMfdL9jbDuoLgk7KiTW,40795086.540000000000000000,6355522,""
DOGE,DOGE,D7BrtudMAdwz2U7vSGumVDuxZsZNibJuzw,0.001000000000000000,6355522,""
DOGE,DOGE,DLqwvgk27ACJnHPEGxyDfspieHBVYJRZiC,0.001000000000000000,6355522,""
DOGE,DOGE,D7bg2iUG3UiHuTWjRqcjdJiEjHrsFASsjw,0.001000000000000000,6355522,""
DOGE,DOGE,DF4snE9zVmwQ3nMLjLwKyVehoz9ZH7vBKj,131319145.200000000000000000,6355522,""
DOGE,DOGE,DCqD9gyq3qumbeEJZKc2Tm2R96JEd9dSDe,11.455350000000000000,6355522,""
DOGE,DOGE,D7D2f2WuEkwhTWqBkisZ5sM3JagaBcNWBs,0.004000000000000000,6355522,""
DOGE,DOGE,DD1h9ojoyAdAGLXaqgqZP3j86AtxZs6jCn,0.016000000000000000,6355522,""
DOGE,DOGE,DQ3VG1e7rJCGafx38cUVMez5nVpQPAdvna,69340898.010000000000000000,6355522,""
DOGE,DOGE,DL7jHHaHHF5z2ap2eVMhZe8fZqVvPdAkEZ,9912828.795000000000000000,6355522,Ceffu
DOGE,DOGE,DQkwksfYrAWAR9tRcqygA5pihmnURozxzo,0.001000000000000000,6355522,""
DOGE,DOGE,DPNqMsW1rotjhCzcbBEXzK3W73DiyzVLYc,341255825.900000000000000000,6355522,""
DOGE,DOGE,DMcrq3jy8MVYTBM9tGCjFZerpKXpW91WXx,0.013100010000000000,6355522,""
DOGE,DOGE,DHFu8WjwXzHVy9pknMrxdQpePFir2FmiuG,547893061.700000000000000000,6355522,""
DOGE,DOGE,DFoQ1qrgDM7D9tAhF7Mahbp6zLv8CzK3XH,11528883.190000000000000000,6355522,""
DOGE,DOGE,DQYqMYmQCfL2eDLmMXV5uvCPkN6Vv4KtSx,0.002000000000000000,6355522,""
DOGE,DOGE,DTGrjpvJXQU2zSpUDsnk9b4PAQW5Pwtg4K,356.679889000000000000,6355522,""
DOGE,DOGE,DF6RgUzMsp7na9PX9rKjUQeXA7HEreBot6,175274112.800000000000000000,6355522,""
DOGE,DOGE,D7LBW9Kk3Qe9iDQVGarCf8XSSs4U46rEWD,22763517.510000000000000000,6355522,""
DOGE,DOGE,DD7W4ddD7wBeMVhJmyPAy9qcDp9ypwbxpD,56696765.290000000000000000,6355522,""
DOGE,DOGE,DU8gPC5mh4KxWJARQRxoESFark2jAguBr5,3817961212.000000000000000000,6355522,""
DOGE,DOGE,D59dre2oAFac8UYqwrSCC4rcQapcC2PQA5,20718.715040000000000000,6355522,""
DOGE,DOGE,DA9TU5Gtd4VM8petBvf8ecv9u13NSTYzzz,227126538.300000000000000000,6355522,""
DOGE,DOGE,DKjcdPpQLoVfkZsN4wJr2RFuyFCoAVvoRe,245373224.600000000000000000,6355522,""
DOGE,DOGE,DP627ydcvYTgkTGboYh3xQhMpF6ph7F2b9,8650998.396000000000000000,6355522,""
DOGE,DOGE,DGmd2jn1D7oLXpdpcGkLaGLDMbnRt4qkH3,0.001000000000000000,6355522,""
DOGE,DOGE,DPAMdZsSirVBGeDR9sE1LJXkwG6AQSNAMW,0.001000000000000000,6355522,""
DOGE,DOGE,DTSop4ycWkpmDqpncVZ3jwKp3z7B4kW4T3,137645731.300000000000000000,6355522,""
DOGE,DOGE,DAYthKnkrWUHRENvtBwjemi6kFzk4K9SMr,0.001000000000000000,6355522,""
DOGE,DOGE,DMURD7AGQwQhVLzz53QzQ8VsmmZShycpaz,78710629.620000000000000000,6355522,""
DOGE,DOGE,DQtm9uQ9gKmUDk5Pdg8pocv1aiwgH949YX,42620025.090000000000000000,6355522,""
DOGE,BSC,0x8894e0a0c962cb723c1976a4421c95949be2d4e3,20239625.600000000000000000,119243645,""
DOGE,BSC,0xe2fc31f816a9b94326492132018c3aecc4a93ae1,9856384.748000000000000000,119243645,""
DOGE,BSC,0x18e226459ccf0eec276514a4fd3b226d8961e4d1,55231363.640000000000000000,119243645,""
DOGE,BSC,0x86523c87c8ec98c7539e2c58cd813ee9d1a08d96,6004.223328000000000000,119243645,""
DOGE,BSC,0xbe0eb53f46cd790cd13851d5eff43d12404d33e8,0.000104890000000000,119243645,""
DOGE,BSC,0x4ed6cf63bd9c009d247ee51224fc1c7041f517f1,7266634.377000000000000000,119243645,""
DOGE,BSC,0x835678a611b28684005a5e2233695fb6cbbb0007,13747816.720000000000000000,119243645,""
DOGE,BSC,0xf977814e90da44bfa03b6295a0616a897441acec,598615436.600000000000000000,119243645,""
DOGE,BSC,0x5a52e96bacdabb82fd05763e25335261b270efcb,9313358.641000000000000000,119243645,""
DOGE,BSC,0xd3a22590f8243f8e83ac230d1842c9af0404c4a1,10432370.620000000000000000,119243645,Ceffu
DOGE,BSC,0x08439901c2bb071cd0812ed329675c9657434083,9283792.527000000000000000,119243645,Ceffu
DOGE,BSC,0x4fdfe365436b5273a42f135c6a6244a20404271e,44459428.340000000000000000,119243645,""
DOGE,BSC,0x4aec0e98fc1fb55b9cc2faaa7a81acca42cb4e96,345007.033700000000000000,119243645,""
DOGE,BSC,0x98adef6f2ac8572ec48965509d69a8dd5e8bba9d,91988.928310000000000000,119243645,""
DOT,STATEMINT,13vg3Mrxm3GL9eXxLsGgLYRueiwFCiMbkdHBL4ZN5aob5D4N,37017627.630000000000000000,20119207,""
DOT,STATEMINT,1qnJN7FViy3HZaxZK9tGAA71zxHSBeUweirKqCaox4t8GT7,573793.600200000000000000,20119207,""
DOT,DOT,1qnJN7FViy3HZaxZK9tGAA71zxHSBeUweirKqCaox4t8GT7,964.825445500000000000,32801924,""
DOT,STATEMINT,169HLL5FwyoazAXyc8g7M6VRFCbpiLKTW6yQBVHBjRBUcFra,307938.608800000000000000,20119207,""
DOT,STATEMINT,12YfMjjeRPVHpytGSgdHH5iWnybxxuBdLuhjSuuYmrPjFT2H,17574877.190000000000000000,20119207,""
DOT,STATEMINT,13fE2UbX3XJ3ZNQxkCkXEv2TV3npHoUCB5gYtYUE9XWFqhV4,85689.465300000000000000,20119207,Ceffu
DOT,STATEMINT,15fi3k4aU9Br6n4a2QjKzFGkGaP2vSn8yyveUtfpCPLKhRVb,100001.008500000000000000,20119207,""
DOT,STATEMINT,1idmp9DpQdmEShg4PeHCGDBT3KdEe6Jv1EdYB1NhJ5r9xKx,2952817.802000000000000000,20119207,""
DOT,STATEMINT,16ZL8yLyXv3V3L3z9ofR1ovFLziyXaN1DPq4yffMAZ9czzBD,90603159.050000000000000000,20119207,""
DOT,BSC,0x18e226459ccf0eec276514a4fd3b226d8961e4d1,188693.716800000000000000,119243645,""
DOT,BSC,0x86523c87c8ec98c7539e2c58cd813ee9d1a08d96,300000.000000000000000000,119243645,""
DOT,BSC,0x4ed6cf63bd9c009d247ee51224fc1c7041f517f1,234987.277700000000000000,119243645,""
DOT,BSC,0xe2fc31f816a9b94326492132018c3aecc4a93ae1,191657.204700000000000000,119243645,""
DOT,BSC,0x43684d03d81d3a4c70da68febdd61029d426f042,585600.549700000000000000,119243645,""
DOT,BSC,0x08439901c2bb071cd0812ed329675c9657434083,15483.621120000000000000,119243645,Ceffu
DOT,BSC,0x4aec0e98fc1fb55b9cc2faaa7a81acca42cb4e96,12609.480100000000000000,119243645,""
DOT,BSC,0x8894e0a0c962cb723c1976a4421c95949be2d4e3,1536591.621000000000000000,119243645,""
DOT,BSC,0x98adef6f2ac8572ec48965509d69a8dd5e8bba9d,311375.191800000000000000,119243645,""
ENA,ETH,0x28c6c06298d514db089934071355e5743bf21d60,154092094.800000000000000000,25878704,""
ENA,ETH,0x21a31ee1afc51d94c2efccaa2092ad1028285549,17591004.150000000000000000,25878704,""
ENA,ETH,0xdfd5293d8e347dfe59e90efd55b2956a1343963d,21607375.640000000000000000,25878704,""
ENA,ETH,0x43684d03d81d3a4c70da68febdd61029d426f042,27343446.220000000000000000,25878704,""
ENA,ETH,0xf977814e90da44bfa03b6295a0616a897441acec,550000000.000000000000000000,25878704,""
ENA,ETH,0x18e226459ccf0eec276514a4fd3b226d8961e4d1,3023937.431000000000000000,25878704,""
ENA,ETH,0x5a52e96bacdabb82fd05763e25335261b270efcb,530115216.000000000000000000,25878704,""
ENA,ETH,0x4ed6cf63bd9c009d247ee51224fc1c7041f517f1,3893767.901000000000000000,25878704,""
ENA,ETH,0x98adef6f2ac8572ec48965509d69a8dd5e8bba9d,37886440.550000000000000000,25878704,""
ENA,ETH,0x4fdfe365436b5273a42f135c6a6244a20404271e,6349900.760000000000000000,25878704,""
ENJ,ENJ,enC1zkqfU5X4x84LMKSzcRdsSSiF7M1Nt7ovm62jRXr78uT1h,174424695.100000000000000000,17057215,""
ENJ,ETH,0x18e226459ccf0eec276514a4fd3b226d8961e4d1,537.277454500000000000,25878704,""
ENJ,ETH,0xf977814e90da44bfa03b6295a0616a897441acec,114126749.100000000000000000,25878704,""
ENJ,ETH,0x28c6c06298d514db089934071355e5743bf21d60,16001616.500000000000000000,25878704,""
ENJ,ETH,0xdfd5293d8e347dfe59e90efd55b2956a1343963d,2666756.949000000000000000,25878704,""
ENJ,ETH,0x5a52e96bacdabb82fd05763e25335261b270efcb,83461684.390000000000000000,25878704,""
ENJ,ETH,0x21a31ee1afc51d94c2efccaa2092ad1028285549,2666666.000000000000000000,25878704,""
ENJ,ETH,0x98adef6f2ac8572ec48965509d69a8dd5e8bba9d,198.176774000000000000,25878704,""
ENJ,ENJ,enFnKiVutgdoN4XREkyc2K1uHx9EJbqGPrMTVS3UmxtHZkyTy,50963404.730000000000000000,17057215,""
ENJ,ENJ,enBQ66C31dUry3Ucjv6HsREQn8ZcxVFWMFGov3syEaqonRANQ,7875855.818000000000000000,17057215,""
ENJ,ENJ,enFMAN7xNHDR3uoydt7NvDDULx6gNB4CBKFVvzbdg5w4FxkoF,3019969.410000000000000000,17057215,""
ETH,BASE,0x3304e22ddaa22bcdc5fca2269b418046ae7b566a,40607.492470000000000000,50715726,""
ETH,ETH,0x21a31ee1afc51d94c2efccaa2092ad1028285549,18490.411600000000000000,25878704,""
ETH,ETH,0x56eddb7aa87536c09ccc2793473599fd21a8b17f,25679.656630000000000000,25878704,""
ETH,ETH,0x28c6c06298d514db089934071355e5743bf21d60,81732.771730000000000000,25878704,""
ETH,ETH,0xdfd5293d8e347dfe59e90efd55b2956a1343963d,26120.755290000000000000,25878704,""
ETH,ETH,0x9696f59e4d72e237be84ffd425dcad154bf96976,26081.519750000000000000,25878704,""
ETH,ETH,0x4976a4a02f38326660d17bf34b431dc6e2eb2327,15734.322440000000000000,25878704,""
ETH,BSC,0x8894e0a0c962cb723c1976a4421c95949be2d4e3,6807.452877000000000000,119243645,""
ETH,OPTIMISM,0xacd03d601e5bb1b275bb94076ff46ed9d753435a,5465.473528000000000000,156311011,""
ETH,ZKSYNCERA,0x7aed074ca56f5050d5a2e512ecc5bf7103937d76,37.616045570000000000,71798708,""
ETH,ZKSYNCERA,0x98adef6f2ac8572ec48965509d69a8dd5e8bba9d,0.012959600000000000,71798708,""
ETH,ZKSYNCERA,0x4aec0e98fc1fb55b9cc2faaa7a81acca42cb4e96,0.040118650000000000,71798708,""
ETH,ZKSYNCERA,0xf977814e90da44bfa03b6295a0616a897441acec,0.587977590000000000,71798708,""
ETH,ZKSYNCERA,0x4ed6cf63bd9c009d247ee51224fc1c7041f517f1,0.049879530000000000,71798708,""
ETH,SCROLL,0xf977814e90da44bfa03b6295a0616a897441acec,1.030846120000000000,34869157,""
ETH,ZKSYNCERA,0x43684d03d81d3a4c70da68febdd61029d426f042,50.005993580000000000,71798708,""
ETH,ZKSYNCERA,0xa84fd90d8640fa63d194601e0b2d1c9094297083,47.397352450000000000,71798708,""
ETH,ETH,0xbe0eb53f46cd790cd13851d5eff43d12404d33e8,1996008.386000000000000000,25878704,""
ETH,ETH,0xf977814e90da44bfa03b6295a0616a897441acec,689595.921100000000000000,25878704,""
ETH,ETH,0x3a3c006053a9b40286b9951a11be4c5808c11dc8,8946.450910000000000000,25878704,Ceffu
ETH,ARBITRUM,0x3931dab967c3e2dbb492fe12460a66d0fe4cc857,3896.841552000000000000,500455224,""
ETH,ARBITRUM,0xb38e8c17e38363af6ebdcb3dae12e0243582891d,5341.034893000000000000,500455224,""
ETH,ETH,0x32e11a20337ebc79abd0eeab2d91bafbd9591149,80000.017040000000000000,25878704,""
ETH,ETH,0x86523c87c8ec98c7539e2c58cd813ee9d1a08d96,16532.655710000000000000,25878704,""
ETH,ETH,0x43684d03d81d3a4c70da68febdd61029d426f042,53475.273640000000000000,25878704,""
ETH,ETH,0xa7c0d36c4698981fab42a7d8c783674c6fe2592d,2691.013677000000000000,25878704,""
ETH,ETH,0x18e226459ccf0eec276514a4fd3b226d8961e4d1,10815.039050000000000000,25878704,""
ETH,ETH,0x4ed6cf63bd9c009d247ee51224fc1c7041f517f1,1846.929597000000000000,25878704,""
ETH,BSC,0xe2fc31f816a9b94326492132018c3aecc4a93ae1,4809.687710000000000000,119243645,""
ETH,ETH,0x835678a611b28684005a5e2233695fb6cbbb0007,73577.912240000000000000,25878704,""
ETH,ETH,0x4aec0e98fc1fb55b9cc2faaa7a81acca42cb4e96,389.383804300000000000,25878704,""
ETH,ETH,0xd3a22590f8243f8e83ac230d1842c9af0404c4a1,136783.226300000000000000,25878704,Ceffu
ETH,ETH,0x4fdfe365436b5273a42f135c6a6244a20404271e,7551.095244000000000000,25878704,""
ETH,ETH,0x98adef6f2ac8572ec48965509d69a8dd5e8bba9d,95443.231880000000000000,25878704,""
ETH,ETH,0x4a9e49a45a4b2545cb177f79c7381a30e1dc261f,0.099725690000000000,25878704,Ceffu
ETH,ETH,0x5a52e96bacdabb82fd05763e25335261b270efcb,6670.855317000000000000,25878704,""
ETH,MANTA,0xd3a22590f8243f8e83ac230d1842c9af0404c4a1,0.004965340000000000,9399684,Ceffu
ETH,MANTA,0xf977814e90da44bfa03b6295a0616a897441acec,0.517833330000000000,9399684,""
ETH,MANTA,0x98adef6f2ac8572ec48965509d69a8dd5e8bba9d,0.013490970000000000,9399684,""
ETH,MANTA,0x51ed7e59643c406093393b06403f0f79db1770e2,159.276159400000000000,9399684,Ceffu
ETH,MANTA,0x923fc76cb13a14e5a87843d309c9f401ec498e2d,8.467256380000000000,9399684,""
ETH,MANTA,0x3cdfb47b0e910d9190ed788726cd72489bf10499,84.840837080000000000,9399684,""
ETH,MANTA,0x18e226459ccf0eec276514a4fd3b226d8961e4d1,0.013758660000000000,9399684,""
ETH,ARBITRUM,0x25681ab599b4e2ceea31f8b498052c53fc2d74db,3699.833267000000000000,500455224,""
ETH,STARKNET,0x0213c67ed78bc280887234fe5ed5e77272465317978ae86c25a71531d9332a2d,39.679198570000000000,14172969,""
ETH,ARBITRUM,0x1b5b4e441f5a22bfd91b7772c780463f66a74b35,3487.750220000000000000,500455224,""
ETH,ARBITRUM,0xf92402bb795fd7cd08fb83839689db79099c8c9c,2615.600353000000000000,500455224,""
ETH,OPTIMISM,0xf977814e90da44bfa03b6295a0616a897441acec,5758.123146000000000000,156311011,""
ETH,OPTIMISM,0x18e226459ccf0eec276514a4fd3b226d8961e4d1,0.054749540000000000,156311011,""
ETH,OPTIMISM,0x5a52e96bacdabb82fd05763e25335261b270efcb,79.998814290000000000,156311011,""
ETH,OPTIMISM,0x98adef6f2ac8572ec48965509d69a8dd5e8bba9d,0.635480960000000000,156311011,""
ETH,OPTIMISM,0x86523c87c8ec98c7539e2c58cd813ee9d1a08d96,0.022931970000000000,156311011,""
ETH,OPTIMISM,0x4ed6cf63bd9c009d247ee51224fc1c7041f517f1,0.026920130000000000,156311011,""
ETH,MTL,0xf977814e90da44bfa03b6295a0616a897441acec,0.002073040000000000,38328642,""
ETH,BASE,0x18e226459ccf0eec276514a4fd3b226d8961e4d1,0.019985130000000000,50715726,""
ETH,BASE,0xf977814e90da44bfa03b6295a0616a897441acec,30002.600960000000000000,50715726,""
ETH,BASE,0x5a52e96bacdabb82fd05763e25335261b270efcb,4911.500735000000000000,50715726,""
ETH,BASE,0x98adef6f2ac8572ec48965509d69a8dd5e8bba9d,0.014648860000000000,50715726,""
ETH,BASE,0x4ed6cf63bd9c009d247ee51224fc1c7041f517f1,0.000733830000000000,50715726,""
ETH,BASE,0xa7c0d36c4698981fab42a7d8c783674c6fe2592d,85244.000020000000000000,50715726,""
ETH,BASE,0x835678a611b28684005a5e2233695fb6cbbb0007,2997.000167000000000000,50715726,""
ETH,STARKNET,0x00c1ce9c68f1c4a1b05e8d043b9b05784f41685d68e5009ffe379aa7f7c95ccf,3.963602350000000000,14172969,""
ETH,STARKNET,0x04164013f90b05d67f026779bf96e9c401c96f3485b645a786166e6935fba116,30.000000000000000000,14172969,""
ETH,BSC,0x18e226459ccf0eec276514a4fd3b226d8961e4d1,184.654939000000000000,119243645,""
ETH,BSC,0xdccf3b77da55107280bd850ea519df3705d1a75a,1.0000000000E-8,119243645,""
ETH,BSC,0xa180fe01b906a1be37be6c534a3300785b20d947,1.0000000000E-8,119243645,""
ETH,BSC,0x29bdfbf7d27462a2d115748ace2bd71a2646946c,1.0000000000E-8,119243645,""
ETH,BSC,0x835678a611b28684005a5e2233695fb6cbbb0007,3195.287907000000000000,119243645,""
ETH,BSC,0xf977814e90da44bfa03b6295a0616a897441acec,130982.874000000000000000,119243645,""
ETH,BSC,0x515b72ed8a97f42c568d6a143232775018f133c8,1.0000000000E-8,119243645,""
ETH,BSC,0x5a52e96bacdabb82fd05763e25335261b270efcb,31509.142330000000000000,119243645,""
ETH,BSC,0xd3a22590f8243f8e83ac230d1842c9af0404c4a1,0.597577710000000000,119243645,Ceffu
ETH,BSC,0xeb2d2f1b8c558a40207669291fda468e50c8a0bb,1.0000000000E-8,119243645,""
ETH,BSC,0x08439901c2bb071cd0812ed329675c9657434083,432.230785600000000000,119243645,Ceffu
ETH,BSC,0x98adef6f2ac8572ec48965509d69a8dd5e8bba9d,30.765220560000000000,119243645,""
ETH,ARBITRUM,0x4ed6cf63bd9c009d247ee51224fc1c7041f517f1,0.030477280000000000,500455224,""
ETH,ARBITRUM,0x18e226459ccf0eec276514a4fd3b226d8961e4d1,0.051086070000000000,500455224,""
ETH,ARBITRUM,0x4aec0e98fc1fb55b9cc2faaa7a81acca42cb4e96,0.040250480000000000,500455224,""
ETH,ARBITRUM,0xa7c0d36c4698981fab42a7d8c783674c6fe2592d,0.020192220000000000,500455224,""
ETH,ARBITRUM,0x86523c87c8ec98c7539e2c58cd813ee9d1a08d96,0.022927310000000000,500455224,""
ETH,ARBITRUM,0x98adef6f2ac8572ec48965509d69a8dd5e8bba9d,4.792360550000000000,500455224,""
ETH,ARBITRUM,0xd3a22590f8243f8e83ac230d1842c9af0404c4a1,0.000443930000000000,500455224,Ceffu
ETH,ARBITRUM,0x43684d03d81d3a4c70da68febdd61029d426f042,50.000987800000000000,500455224,""
ETH,ARBITRUM,0x835678a611b28684005a5e2233695fb6cbbb0007,615.000860200000000000,500455224,""
ETH,ARBITRUM,0x5a52e96bacdabb82fd05763e25335261b270efcb,22300.999020000000000000,500455224,""
ETH,ARBITRUM,0xf977814e90da44bfa03b6295a0616a897441acec,10067.280980000000000000,500455224,""
ETH,OPTIMISM,Bridging in progress,5000.000000000000000000,156311011,""
ETH,BASE,Bridging in progress,10000.000000000000000000,50715726,""
ETH,ARBITRUM,Bridging in progress,20000.000000000000000000,500455224,""
ETH,BASE,Bridging in progress,15000.000000000000000000,50715726,""
ETH,BASE,Bridging in progress,10000.000000000000000000,50715726,""
FDUSD,ETH,0x43684d03d81d3a4c70da68febdd61029d426f042,12866224.090000000000000000,25878704,""
FDUSD,ETH,0x18e226459ccf0eec276514a4fd3b226d8961e4d1,84183.590610000000000000,25878704,""
FDUSD,ETH,0xf977814e90da44bfa03b6295a0616a897441acec,133237429.500000000000000000,25878704,""
FDUSD,ETH,0x3a3c006053a9b40286b9951a11be4c5808c11dc8,49336.206150000000000000,25878704,Ceffu
FDUSD,ETH,0x5a52e96bacdabb82fd05763e25335261b270efcb,31090162.000000000000000000,25878704,""
FDUSD,ETH,0x28c6c06298d514db089934071355e5743bf21d60,5498986.793000000000000000,25878704,""
FDUSD,ETH,0xdfd5293d8e347dfe59e90efd55b2956a1343963d,676037.538600000000000000,25878704,""
FDUSD,ETH,0x21a31ee1afc51d94c2efccaa2092ad1028285549,13002999.170000000000000000,25878704,""
FDUSD,ETH,0x4aec0e98fc1fb55b9cc2faaa7a81acca42cb4e96,716.646003000000000000,25878704,""
FDUSD,ETH,0x98adef6f2ac8572ec48965509d69a8dd5e8bba9d,1493943.599000000000000000,25878704,""
FDUSD,ETH,0xa7c0d36c4698981fab42a7d8c783674c6fe2592d,8406624.000000000000000000,25878704,""
FDUSD,BSC,0x0e4158c85ff724526233c1aeb4ff6f0c46827fbe,1.0000000000E-8,119243645,Ceffu
FDUSD,BSC,0x18e226459ccf0eec276514a4fd3b226d8961e4d1,30822.782720000000000000,119243645,""
FDUSD,BSC,0xe2fc31f816a9b94326492132018c3aecc4a93ae1,1686221.428000000000000000,119243645,""
FDUSD,BSC,0x4ed6cf63bd9c009d247ee51224fc1c7041f517f1,192704.712600000000000000,119243645,""
FDUSD,BSC,0xd3a22590f8243f8e83ac230d1842c9af0404c4a1,67248.409000000000000000,119243645,Ceffu
FDUSD,BSC,0xf977814e90da44bfa03b6295a0616a897441acec,27515627.730000000000000000,119243645,""
FDUSD,BSC,0x08439901c2bb071cd0812ed329675c9657434083,768640.671600000000000000,119243645,Ceffu
FDUSD,BSC,0x8894e0a0c962cb723c1976a4421c95949be2d4e3,2905498.352000000000000000,119243645,""
FDUSD,BSC,0x98adef6f2ac8572ec48965509d69a8dd5e8bba9d,1062635.806000000000000000,119243645,""
FDUSD,SOL,3gd3dqgtJ4jWfBfLYTX67DALFetjc5iS72sCgRhCkW2u,6000000.000000000000000000,443282097,""
FDUSD,SOL,5tzFkiKscXHK5ZXCGbXZxdw7gTjjD1mBwuoFbhUvuAi9,2043591.981000000000000000,443282097,""
FDUSD,OPBNB,0xf977814e90da44bfa03b6295a0616a897441acec,881031.865000000000000000,180415476,""
FDUSD,OPBNB,0x001ceb373c83ae75b9f5cf78fc2aba3e185d09e2,573424.468800000000000000,180415476,""
FDUSD,SUI,0x935029ca5219502a47ac9b69f556ccf6e2198b5e7815cf50f68846f723739cbd,644724.598700000000000000,317287615,""
FDUSD,SUI,0x7ab9a6a7109dcb9cb357a109f32dfcc78a7aa2d6029084eb924d95133fc71cec,42517191.000000000000000000,317287615,""
FORM,BSC,0x4ed6cf63bd9c009d247ee51224fc1c7041f517f1,5131.596802000000000000,119243645,""
FORM,BSC,0x43684d03d81d3a4c70da68febdd61029d426f042,5012335.940000000000000000,119243645,""
FORM,BSC,0xe2fc31f816a9b94326492132018c3aecc4a93ae1,504413.217300000000000000,119243645,""
FORM,BSC,0x5a52e96bacdabb82fd05763e25335261b270efcb,151009122.100000000000000000,119243645,""
FORM,BSC,0xf977814e90da44bfa03b6295a0616a897441acec,105542235.300000000000000000,119243645,""
FORM,BSC,0x8894e0a0c962cb723c1976a4421c95949be2d4e3,4639577.179000000000000000,119243645,""
FORM,BSC,0x98adef6f2ac8572ec48965509d69a8dd5e8bba9d,234133.860200000000000000,119243645,""
GRT,ETH,0x18e226459ccf0eec276514a4fd3b226d8961e4d1,1315581.858000000000000000,25878704,""
GRT,ETH,0x28c6c06298d514db089934071355e5743bf21d60,3860556.119000000000000000,25878704,""
GRT,ETH,0xdfd5293d8e347dfe59e90efd55b2956a1343963d,42.129830580000000000,25878704,""
GRT,ETH,0x21a31ee1afc51d94c2efccaa2092ad1028285549,23.262317940000000000,25878704,""
GRT,ETH,0x4ed6cf63bd9c009d247ee51224fc1c7041f517f1,897665.801700000000000000,25878704,""
GRT,ETH,0x98adef6f2ac8572ec48965509d69a8dd5e8bba9d,13473559.780000000000000000,25878704,""
GRT,ETH,0x4fdfe365436b5273a42f135c6a6244a20404271e,0.092126000000000000,25878704,""
GRT,ETH,0x4aec0e98fc1fb55b9cc2faaa7a81acca42cb4e96,189374.747700000000000000,25878704,""
GRT,ARBITRUM,0xb38e8c17e38363af6ebdcb3dae12e0243582891d,3551401.001000000000000000,500455224,""
GRT,MATIC,0xe7804c37c13166ff0b37f5ae0bb07a3aebb6e245,776293.576200000000000000,93010514,""
GRT,MATIC,0x98adef6f2ac8572ec48965509d69a8dd5e8bba9d,73.190200000000000000,93010514,""
GRT,ARBITRUM,0x605d0b92cde1e110d5ae9123969097ea2489d1aa,6000930.840000000000000000,500455224,""
GRT,ARBITRUM,0x3931dab967c3e2dbb492fe12460a66d0fe4cc857,5491321.503000000000000000,500455224,""
GRT,ARBITRUM,0x86523c87c8ec98c7539e2c58cd813ee9d1a08d96,14825904.350000000000000000,500455224,""
GRT,ARBITRUM,0x5ce4825e2c5d7025b110d7bbeb5b1f03976e1443,70000100.000000000000000000,500455224,""
GRT,ARBITRUM,0x5a52e96bacdabb82fd05763e25335261b270efcb,300000000.000000000000000000,500455224,""
GRT,ARBITRUM,0x25681ab599b4e2ceea31f8b498052c53fc2d74db,3046369.076000000000000000,500455224,""
GRT,ARBITRUM,0xf977814e90da44bfa03b6295a0616a897441acec,476208359.000000000000000000,500455224,""
GRT,ARBITRUM,0x98adef6f2ac8572ec48965509d69a8dd5e8bba9d,4750010.539000000000000000,500455224,""
GRT,ARBITRUM,0x43684d03d81d3a4c70da68febdd61029d426f042,38252286.690000000000000000,500455224,""
GRT,ARBITRUM,Bridging in progress,50000000.000000000000000000,500455224,""
GRT,ARBITRUM,Bridging in progress,5000000.000000000000000000,500455224,""
GRT,ARBITRUM,Bridging in progress,22000000.000000000000000000,500455224,""
GRT,ARBITRUM,Bridging in progress,18000000.000000000000000000,500455224,""
HBAR,HBAR,0.0.1030878,125878685.000000000000000000,99493123,""
HBAR,HBAR,0.0.652978,2003505328.000000000000000000,99493123,""
HBAR,HBAR,0.0.9933945,74918492.990000000000000000,99493123,""
HBAR,HBAR,0.0.3715303,10692290.050000000000000000,99493123,""
HBAR,HBAR,0.0.4523906,4684151.332000000000000000,99493123,""
HBAR,HBAR,0.0.7227642,103493916.500000000000000000,99493123,""
HBAR,HBAR,0.0.2893866,12617917.100000000000000000,99493123,""
HBAR,BSC,0xe2fc31f816a9b94326492132018c3aecc4a93ae1,3903848.205000000000000000,119243645,""
HBAR,BSC,0x8894e0a0c962cb723c1976a4421c95949be2d4e3,11007327.810000000000000000,119243645,""
HFT,ETH,0xf977814e90da44bfa03b6295a0616a897441acec,6000000.000000000000000000,25878704,""
HFT,ETH,0x28c6c06298d514db089934071355e5743bf21d60,16141238.210000000000000000,25878704,""
HFT,ETH,0xdfd5293d8e347dfe59e90efd55b2956a1343963d,12421374.440000000000000000,25878704,""
HFT,ETH,0x21a31ee1afc51d94c2efccaa2092ad1028285549,13392667.880000000000000000,25878704,""
HFT,BSC,0x8894e0a0c962cb723c1976a4421c95949be2d4e3,38830.841400000000000000,119243645,""
HFT,SOL,5tzFkiKscXHK5ZXCGbXZxdw7gTjjD1mBwuoFbhUvuAi9,1.0000000000E-8,443282097,""
LINK,ETH,0x28c6c06298d514db089934071355e5743bf21d60,822453.984900000000000000,25878704,""
LINK,ETH,0xbe0eb53f46cd790cd13851d5eff43d12404d33e8,0.000110000000000000,25878704,""
LINK,ETH,0x3a3c006053a9b40286b9951a11be4c5808c11dc8,62350.843920000000000000,25878704,Ceffu
LINK,ETH,0x86523c87c8ec98c7539e2c58cd813ee9d1a08d96,223897.180100000000000000,25878704,""
LINK,ETH,0xf977814e90da44bfa03b6295a0616a897441acec,10000000.000000000000000000,25878704,""
LINK,ETH,0x5a52e96bacdabb82fd05763e25335261b270efcb,42112097.000000000000000000,25878704,""
LINK,ETH,0x18e226459ccf0eec276514a4fd3b226d8961e4d1,101.576916000000000000,25878704,""
LINK,ETH,0x21a31ee1afc51d94c2efccaa2092ad1028285549,0.020129310000000000,25878704,""
LINK,ETH,0x4ed6cf63bd9c009d247ee51224fc1c7041f517f1,30261.245720000000000000,25878704,""
LINK,ETH,0xdfd5293d8e347dfe59e90efd55b2956a1343963d,0.012868360000000000,25878704,""
LINK,ETH,0x4aec0e98fc1fb55b9cc2faaa7a81acca42cb4e96,6199.850240000000000000,25878704,""
LINK,ETH,0x835678a611b28684005a5e2233695fb6cbbb0007,718241.003900000000000000,25878704,""
LINK,ETH,0x4fdfe365436b5273a42f135c6a6244a20404271e,87349.299210000000000000,25878704,""
LINK,ETH,0x98adef6f2ac8572ec48965509d69a8dd5e8bba9d,1307798.755000000000000000,25878704,""
LINK,BSC,0x8894e0a0c962cb723c1976a4421c95949be2d4e3,148821.319100000000000000,119243645,""
LINK,BSC,0xe2fc31f816a9b94326492132018c3aecc4a93ae1,25745.474970000000000000,119243645,""
LINK,BSC,0x86523c87c8ec98c7539e2c58cd813ee9d1a08d96,20.572000000000000000,119243645,""
LINK,BSC,0x18e226459ccf0eec276514a4fd3b226d8961e4d1,127032.475900000000000000,119243645,""
LINK,BSC,0x835678a611b28684005a5e2233695fb6cbbb0007,121174.002100000000000000,119243645,""
LINK,BSC,0x43684d03d81d3a4c70da68febdd61029d426f042,324492.021300000000000000,119243645,""
LINK,BSC,0x5a52e96bacdabb82fd05763e25335261b270efcb,57569.547560000000000000,119243645,""
LINK,BSC,0xf977814e90da44bfa03b6295a0616a897441acec,2034538.668000000000000000,119243645,""
LINK,BSC,0xd3a22590f8243f8e83ac230d1842c9af0404c4a1,9865.276000000000000000,119243645,Ceffu
LINK,BSC,0x08439901c2bb071cd0812ed329675c9657434083,52681.350210000000000000,119243645,Ceffu
LINK,BSC,0x98adef6f2ac8572ec48965509d69a8dd5e8bba9d,41330.346000000000000000,119243645,""
LTC,LTC,LZEjckteAtWrugbsy9zU8VHEZ4iUiXo9Nm,210908.266500000000000000,3169887,""
LTC,LTC,LhcTcrMrheBqbthwfit43jkT9qnge5wSs1,0.526297740000000000,3169887,""
LTC,LTC,ltc1q32lyrhp9zpww22phqjwwmelta0c8a5q9pnjng2,7.898861740000000000,3169887,Ceffu
LTC,LTC,M8T1B2Z97gVdvmfkQcAtYbEepune1tzGua,0.001894760000000000,3169887,""
LTC,LTC,ltc1qzphegzz94l3mr9w56yq6845wfcfllmrd89cd69,52554.741110000000000000,3169887,""
LTC,LTC,LXTras9zXwkUvmsAF15hUu86by2UdNLSWk,222.904445900000000000,3169887,""
LTC,LTC,LbmGksLBwtwRXyxeazCZqKiAHX6cWN2AzN,29.649000000000000000,3169887,""
LTC,LTC,LhzEoDXHXASi4hSMxrKeVoSGrED9QsBpPq,38.600000000000000000,3169887,""
LTC,LTC,MQd1fJwqBJvwLuyhr17PhEFx1swiqDbPQS,2412947.546000000000000000,3169887,""
LTC,LTC,LiDY79SxUJfjE6fyqyxXxh9kBpfi4sRoKf,1.051097090000000000,3169887,""
LTC,LTC,LazqPDHyo1nqwaYLc8WSDtG1mRj3anFfbX,2283.542965000000000000,3169887,Ceffu
LTC,LTC,MPYLuihDRvAr1YhoxP2tG29y38myBufRF2,965157.074800000000000000,3169887,""
LTC,LTC,MSyWrzBejZpuC6h8trjadG4Vk7XRky1Lhq,178201.621200000000000000,3169887,""
LTC,LTC,MNKgpjAqG2fq6WLkpc5mw6mavGNhwCx8tq,109264.039000000000000000,3169887,""
LTC,LTC,MLj1bgnNs8iAmNxhZNnrymQaAZNqnXXV3E,0.015175940000000000,3169887,""
LTC,LTC,MGfpYF7kPpoWmVXxSQCmvgb3SedtvDdV47,680003.921700000000000000,3169887,""
LTC,LTC,Le8Lyy1JdYY3JUTbaAUE5utF7aTP8rYRuS,19117.599400000000000000,3169887,""
LTC,LTC,MFWNdXE9Cz6MjVDcCLaA2MaXbkwRVUe3TZ,16897.943250000000000000,3169887,""
LTC,LTC,MF34ww6PuT3eRh8iTdwawJrqe6fd9QNZ9F,149839.169900000000000000,3169887,""
LTC,LTC,M9vsPE9LLEgtYduCr2gktfT35uu7eQeDgr,204229.491400000000000000,3169887,""
LTC,LTC,MB6LrCx4qjEFpU9U1WBrgPrntkfMR5GtCA,477442.180400000000000000,3169887,""
LTC,LTC,MHS3wszxaspPAeJYC7p9fpDp5mwvcaUpZL,50799.807640000000000000,3169887,""
LTC,LTC,MS56eJAupdvN5bYo6ythw784qahCpTzZ5V,0.004887820000000000,3169887,""
LTC,BSC,0x18e226459ccf0eec276514a4fd3b226d8961e4d1,67.917361150000000000,119243645,""
LTC,BSC,0x4ed6cf63bd9c009d247ee51224fc1c7041f517f1,1515.985647000000000000,119243645,""
LTC,BSC,0xe2fc31f816a9b94326492132018c3aecc4a93ae1,1652.303087000000000000,119243645,""
LTC,BSC,0xf977814e90da44bfa03b6295a0616a897441acec,287206.603000000000000000,119243645,""
LTC,BSC,0x43684d03d81d3a4c70da68febdd61029d426f042,53412.750270000000000000,119243645,""
LTC,BSC,0x5a52e96bacdabb82fd05763e25335261b270efcb,16407.019000000000000000,119243645,""
LTC,BSC,0xd3a22590f8243f8e83ac230d1842c9af0404c4a1,607.407000000000000000,119243645,Ceffu
LTC,BSC,0x08439901c2bb071cd0812ed329675c9657434083,3937.946987000000000000,119243645,Ceffu
LTC,BSC,0x8894e0a0c962cb723c1976a4421c95949be2d4e3,15075.612530000000000000,119243645,""
LTC,BSC,0x98adef6f2ac8572ec48965509d69a8dd5e8bba9d,6636.817471000000000000,119243645,""
MASK,ETH,0x28c6c06298d514db089934071355e5743bf21d60,594967.354500000000000000,25878704,""
MASK,ETH,0x18e226459ccf0eec276514a4fd3b226d8961e4d1,11511.720000000000000000,25878704,""
MASK,ETH,0x3a3c006053a9b40286b9951a11be4c5808c11dc8,66736.910000000000000000,25878704,Ceffu
MASK,ETH,0xf977814e90da44bfa03b6295a0616a897441acec,13156879.280000000000000000,25878704,""
MASK,ETH,0x86523c87c8ec98c7539e2c58cd813ee9d1a08d96,35010.000000000000000000,25878704,""
MASK,ETH,0xdfd5293d8e347dfe59e90efd55b2956a1343963d,97588.460000000000000000,25878704,""
MASK,ETH,0x5a52e96bacdabb82fd05763e25335261b270efcb,4391556.745000000000000000,25878704,""
MASK,ETH,0x21a31ee1afc51d94c2efccaa2092ad1028285549,94195.100000000000000000,25878704,""
MASK,ETH,0x4ed6cf63bd9c009d247ee51224fc1c7041f517f1,12714.630000000000000000,25878704,""
MASK,ETH,0x4aec0e98fc1fb55b9cc2faaa7a81acca42cb4e96,2240.590000000000000000,25878704,""
MASK,ETH,0x98adef6f2ac8572ec48965509d69a8dd5e8bba9d,57406.540000000000000000,25878704,""
MASK,BSC,0x18e226459ccf0eec276514a4fd3b226d8961e4d1,3789.283223000000000000,119243645,""
MASK,BSC,0xe2fc31f816a9b94326492132018c3aecc4a93ae1,561.214043200000000000,119243645,""
MASK,BSC,0x43684d03d81d3a4c70da68febdd61029d426f042,143050.355000000000000000,119243645,""
MASK,BSC,0xf977814e90da44bfa03b6295a0616a897441acec,336835.632000000000000000,119243645,""
MASK,BSC,0x5a52e96bacdabb82fd05763e25335261b270efcb,142345.934000000000000000,119243645,""
MASK,BSC,0x8894e0a0c962cb723c1976a4421c95949be2d4e3,3145.327510000000000000,119243645,""
NEAR,NEAR,451913e633c72fb951effe076d3bd2977e3f08083dcf6c87fa89992b0d437c5c,538151.499300000000000000,213761241,""
NEAR,NEAR,d04204b6591fefb973a8ed60929f8211af89ee38020da9faf905acdc7a320063,992745.734400000000000000,213761241,""
NEAR,NEAR,5c33c6218d47e00ef229f60da78d0897e1ee9665312550b8afd5f9c7bc6957d2,1496941.460000000000000000,213761241,""
NEAR,NEAR,9c484fa5d2d069569ba063fc555c34e621ccd88fdbb0295fc79bad232621c5c1,0.755882660000000000,213761241,""
NEAR,BSC,0x8894e0a0c962cb723c1976a4421c95949be2d4e3,504574.996300000000000000,119243645,""
NEAR,NEAR,bc2fa68aa5d9a0d4e75fbe5659369aa13e1bccf7cabf81ac5d007ae0e51fcac3,0.999165020000000000,213761241,Ceffu
NEAR,NEAR,binancecold3.near,105213730.500000000000000000,213761241,""
NEAR,NEAR,binance1.near,0.204615360000000000,213761241,""
NEAR,NEAR,e1a70d1d2b8df95e0742c5aa18eb9089d84d5365fead073ac77d4c115cf3e264,1509937.552000000000000000,213761241,""
NEAR,NEAR,56203c5b21b828175fa9c1fd4161ecaca76de9a1f6008935eeb9b4d6dc821a22,41251.971830000000000000,213761241,""
NEAR,NEAR,e37e1cf6cd9c8601881799e531c958cd0ca01c734a6349aa88a23489c4258d05,216758.397200000000000000,213761241,""
NEAR,NEAR,ce766fc85f14b52d177bb0620a3be19585783644282b16ff3cfe3f4f699ece03,491111.676200000000000000,213761241,""
NEAR,NEAR,10da3e6516672e0317d9c20e0bf89018271b18c5e3b01ac7b246b2417636a57b,139509.231400000000000000,213761241,Ceffu
NEAR,NEAR,7e6e17fcb8e8e6a22ecd47bbd1b58b1af3582b97bbfd4a8d974bb9c266fa282b,21868215.640000000000000000,213761241,""
NEAR,NEAR,27ddc83845172d5ee380af7ba6bcc524145892ff0b91a6078e9ae6d26655e56a,1.000428810000000000,213761241,""
NEAR,NEAR,1fc0d96bc0304bfaa1672d2ee84bfeed86ed2db1bdccedab95fa9792a4438a24,3517579.575000000000000000,213761241,""
NEAR,NEAR,7747991786f445efb658b69857eadc7a57b6b475beec26ed14da8bc35bb2b5b6,0.099915090000000000,213761241,""
NEAR,NEAR,c6f10c6993a97c90e34ce60c5ea3ccb4915cf731daff0e7a2e5d93ebc879cc74,30.412765010000000000,213761241,""
NEAR,NEAR,e1074e251c7350b8a4480816fffd897b727011df579e04cc19f890fd48fd8830,595246.413500000000000000,213761241,""
NEAR,NEAR,b8caf00f8f925cc7b3925def6db361974403082ac7e7710b8342e0b20ac496e9,1943289.545000000000000000,213761241,Ceffu
NEAR,BSC,0x18e226459ccf0eec276514a4fd3b226d8961e4d1,1691.488407000000000000,119243645,""
NEAR,BSC,0x4ed6cf63bd9c009d247ee51224fc1c7041f517f1,156074.607300000000000000,119243645,""
NEAR,BSC,0xe2fc31f816a9b94326492132018c3aecc4a93ae1,40610.282720000000000000,119243645,""
NEAR,BSC,0x5a52e96bacdabb82fd05763e25335261b270efcb,900462.480000000000000000,119243645,""
NEAR,BSC,0xf977814e90da44bfa03b6295a0616a897441acec,941914.179000000000000000,119243645,""
NEAR,BSC,0x631fc1ea2270e98fbd9d92658ece0f5a269aa161,1.000000000000000000,119243645,""
NEAR,BSC,0x98adef6f2ac8572ec48965509d69a8dd5e8bba9d,33787.418740000000000000,119243645,""
OP,OPTIMISM,0xacd03d601e5bb1b275bb94076ff46ed9d753435a,33282915.440000000000000000,156311011,""
OP,OPTIMISM,0xf977814e90da44bfa03b6295a0616a897441acec,261996551.500000000000000000,156311011,""
OP,OPTIMISM,0x98adef6f2ac8572ec48965509d69a8dd5e8bba9d,4885217.421000000000000000,156311011,""
OP,OPTIMISM,0x18e226459ccf0eec276514a4fd3b226d8961e4d1,3823631.047000000000000000,156311011,""
OP,OPTIMISM,0x86523c87c8ec98c7539e2c58cd813ee9d1a08d96,653490.543700000000000000,156311011,""
OP,OPTIMISM,0x4ed6cf63bd9c009d247ee51224fc1c7041f517f1,447289.199800000000000000,156311011,""
OP,OPTIMISM,0x43684d03d81d3a4c70da68febdd61029d426f042,14953371.270000000000000000,156311011,""
PAXG,ETH,0x28c6c06298d514db089934071355e5743bf21d60,2273.727108000000000000,25878704,""
PAXG,ETH,0xdfd5293d8e347dfe59e90efd55b2956a1343963d,611.840772200000000000,25878704,""
PAXG,ETH,0x21a31ee1afc51d94c2efccaa2092ad1028285549,605.295079000000000000,25878704,""
PAXG,ETH,0xf977814e90da44bfa03b6295a0616a897441acec,6000.000000000000000000,25878704,""
PAXG,ETH,0x756b86fd69914db92229c07c7393d7d9948fed33,1.0000000000E-8,25878704,""
PAXG,ETH,0x43684d03d81d3a4c70da68febdd61029d426f042,3800.850398000000000000,25878704,""
PAXG,ETH,0x3a3c006053a9b40286b9951a11be4c5808c11dc8,60.585942000000000000,25878704,Ceffu
PAXG,ETH,0x5a52e96bacdabb82fd05763e25335261b270efcb,81051.183000000000000000,25878704,""
PAXG,ETH,0x18e226459ccf0eec276514a4fd3b226d8961e4d1,568.192780700000000000,25878704,""
PAXG,ETH,0x4ed6cf63bd9c009d247ee51224fc1c7041f517f1,41.272433250000000000,25878704,""
PAXG,ETH,0x98adef6f2ac8572ec48965509d69a8dd5e8bba9d,1690.283000000000000000,25878704,""
PENDLE,ETH,0xdfd5293d8e347dfe59e90efd55b2956a1343963d,192083.129200000000000000,25878704,""
PENDLE,ETH,0x21a31ee1afc51d94c2efccaa2092ad1028285549,168612.537700000000000000,25878704,""
PENDLE,ETH,0xf977814e90da44bfa03b6295a0616a897441acec,18789586.590000000000000000,25878704,""
PENDLE,ETH,0x5a52e96bacdabb82fd05763e25335261b270efcb,11300878.610000000000000000,25878704,""
PENDLE,ETH,0x28c6c06298d514db089934071355e5743bf21d60,1492559.079000000000000000,25878704,""
PENDLE,ETH,0x4ed6cf63bd9c009d247ee51224fc1c7041f517f1,4419.605101000000000000,25878704,""
PENDLE,ETH,0x98adef6f2ac8572ec48965509d69a8dd5e8bba9d,260019.942400000000000000,25878704,""
PENDLE,BSC,0x18e226459ccf0eec276514a4fd3b226d8961e4d1,116621.673000000000000000,119243645,""
PENDLE,BSC,0xe2fc31f816a9b94326492132018c3aecc4a93ae1,12085.043930000000000000,119243645,""
PENDLE,BSC,0x5a52e96bacdabb82fd05763e25335261b270efcb,371276.154000000000000000,119243645,""
PENDLE,BSC,0xf977814e90da44bfa03b6295a0616a897441acec,694698.773000000000000000,119243645,""
PENDLE,BSC,0x8894e0a0c962cb723c1976a4421c95949be2d4e3,52599.514930000000000000,119243645,""
PENDLE,BSC,0x98adef6f2ac8572ec48965509d69a8dd5e8bba9d,28682.350520000000000000,119243645,""
PENDLE,ARBITRUM,0x3931dab967c3e2dbb492fe12460a66d0fe4cc857,286013.746900000000000000,500455224,""
PENDLE,ARBITRUM,0x25681ab599b4e2ceea31f8b498052c53fc2d74db,215365.788700000000000000,500455224,""
PENDLE,ARBITRUM,0x5a52e96bacdabb82fd05763e25335261b270efcb,422758.685000000000000000,500455224,""
PENDLE,ARBITRUM,0xf977814e90da44bfa03b6295a0616a897441acec,2000000.000000000000000000,500455224,""
PENDLE,ARBITRUM,0x98adef6f2ac8572ec48965509d69a8dd5e8bba9d,3825.636613000000000000,500455224,""
PENDLE,ARBITRUM,0xb38e8c17e38363af6ebdcb3dae12e0243582891d,513590.720000000000000000,500455224,""
PENDLE,ARBITRUM,0x43684d03d81d3a4c70da68febdd61029d426f042,307617.638500000000000000,500455224,""
PEPE,ETH,0x28c6c06298d514db089934071355e5743bf21d60,2567434762567.000000000000000000,25878704,""
PEPE,ETH,0xdfd5293d8e347dfe59e90efd55b2956a1343963d,576766534899.000000000000000000,25878704,""
PEPE,ETH,0x21a31ee1afc51d94c2efccaa2092ad1028285549,586784534811.000000000000000000,25878704,""
PEPE,ETH,0x18e226459ccf0eec276514a4fd3b226d8961e4d1,423156846354.000000000000000000,25878704,""
PEPE,ETH,0x3a3c006053a9b40286b9951a11be4c5808c11dc8,264749777218.000000000000000000,25878704,Ceffu
PEPE,ETH,0xf977814e90da44bfa03b6295a0616a897441acec,30000000000000.000000000000000000,25878704,""
PEPE,ETH,0x5a52e96bacdabb82fd05763e25335261b270efcb,38644747524460.000000000000000000,25878704,""
PEPE,ETH,0x43684d03d81d3a4c70da68febdd61029d426f042,5479390931864.000000000000000000,25878704,""
PEPE,ETH,0x4fdfe365436b5273a42f135c6a6244a20404271e,726001729684.000000000000000000,25878704,""
PEPE,ETH,0x86523c87c8ec98c7539e2c58cd813ee9d1a08d96,164300000030.000000000000000000,25878704,""
PEPE,ETH,0x835678a611b28684005a5e2233695fb6cbbb0007,1764903814119.000000000000000000,25878704,""
PEPE,ETH,0xd3a22590f8243f8e83ac230d1842c9af0404c4a1,2.121601980000000000,25878704,Ceffu
PEPE,ETH,0x4ed6cf63bd9c009d247ee51224fc1c7041f517f1,57633075786.000000000000000000,25878704,""
PEPE,ETH,0x98adef6f2ac8572ec48965509d69a8dd5e8bba9d,2290352625864.000000000000000000,25878704,""
PEPE,ETH,0x4a9e49a45a4b2545cb177f79c7381a30e1dc261f,172.331635000000000000,25878704,Ceffu
POL,MATIC,0x290275e3db66394c52272398959845170e4dcb88,2525613.345000000000000000,93010514,""
POL,MATIC,0xe7804c37c13166ff0b37f5ae0bb07a3aebb6e245,52499729.820000000000000000,93010514,""
POL,MATIC,0x505e71695e9bc45943c58adec1650577bca68fd9,4722119.070000000000000000,93010514,""
POL,MATIC,0x082489a616ab4d46d1947ee3f912e080815b08da,5213125.008000000000000000,93010514,""
POL,ETH,0x21a31ee1afc51d94c2efccaa2092ad1028285549,9911625.100000000000000000,25878704,""
POL,ETH,0x28c6c06298d514db089934071355e5743bf21d60,72612878.670000000000000000,25878704,""
POL,ETH,0xdfd5293d8e347dfe59e90efd55b2956a1343963d,10000000.000000000000000000,25878704,""
POL,ETH,0x3a3c006053a9b40286b9951a11be4c5808c11dc8,1499542.581000000000000000,25878704,Ceffu
POL,ETH,0xf977814e90da44bfa03b6295a0616a897441acec,300000000.000000000000000000,25878704,""
POL,ETH,0x98adef6f2ac8572ec48965509d69a8dd5e8bba9d,38095958.830000000000000000,25878704,""
POL,ETH,0xa64b436964e7415c0e70b9989a53e1fb9a90e726,152000099.100000000000000000,25878704,""
POL,ETH,0x835678a611b28684005a5e2233695fb6cbbb0007,60378544.040000000000000000,25878704,""
POL,ETH,0x4aec0e98fc1fb55b9cc2faaa7a81acca42cb4e96,367725.801400000000000000,25878704,""
POL,ETH,0x5a52e96bacdabb82fd05763e25335261b270efcb,244132501.200000000000000000,25878704,""
POL,ETH,0x4ed6cf63bd9c009d247ee51224fc1c7041f517f1,623500.516500000000000000,25878704,""
POL,MATIC,0x43684d03d81d3a4c70da68febdd61029d426f042,8587980.208000000000000000,93010514,""
POL,MATIC,0x4ed6cf63bd9c009d247ee51224fc1c7041f517f1,64.363696650000000000,93010514,""
POL,MATIC,0xf708e1eab1a3651b1c73d1bfa2fc54c148328be4,10606045.420000000000000000,93010514,Ceffu
POL,MATIC,0x5a52e96bacdabb82fd05763e25335261b270efcb,30210.746430000000000000,93010514,""
POL,MATIC,0xf977814e90da44bfa03b6295a0616a897441acec,126.280166200000000000,93010514,""
POL,MATIC,0xd3a22590f8243f8e83ac230d1842c9af0404c4a1,1989558.553000000000000000,93010514,Ceffu
POL,MATIC,0x18e226459ccf0eec276514a4fd3b226d8961e4d1,1145428.985000000000000000,93010514,""
POL,MATIC,0xa7c0d36c4698981fab42a7d8c783674c6fe2592d,33.884773360000000000,93010514,""
POL,MATIC,0x835678a611b28684005a5e2233695fb6cbbb0007,68986.033590000000000000,93010514,""
POL,MATIC,0x86523c87c8ec98c7539e2c58cd813ee9d1a08d96,5702246.920000000000000000,93010514,""
POL,MATIC,0x98adef6f2ac8572ec48965509d69a8dd5e8bba9d,1657442.218000000000000000,93010514,""
POL,MATIC,0x4fdfe365436b5273a42f135c6a6244a20404271e,3879597.973000000000000000,93010514,""
POL,MATIC,0x417850c1cd0fb428eb63649e9dc4c78ede9a34e8,0.998948650000000000,93010514,Ceffu
PUMP,SOL,5tzFkiKscXHK5ZXCGbXZxdw7gTjjD1mBwuoFbhUvuAi9,10889871423.000000000000000000,443282097,""
PUMP,SOL,28nYGHJyUVcVdxZtzKByBXEj127XnrUkrE3VaGuWj1ZU,6979332.730000000000000000,443282097,Ceffu
PUMP,SOL,3JR4ETCTVqnysiARm9LvuigzuXnDydbWXYYYpgZzzhDi,18633.620000000000000000,443282097,""
PUMP,SOL,GBrURzmtWujJRTA3Bkvo7ZgWuZYLMMwPCwre7BejJXnK,220000000.000000000000000000,443282097,""
PUMP,SOL,5SDrsMNTYdhmApjfqYHDvjoW92f2S42vcc7zNDVcQ9Ej,102574817.500000000000000000,443282097,Ceffu
PUMP,SOL,38xCLm9kSExfGU1GdyVuX4vop7SZns9kU2mQyTmmMdUP,1092323398.000000000000000000,443282097,""
PUMP,SOL,GK35nWN6ZHSGZrRTf8kTQd8RkFCighChPEb41XwSFVAC,0.000001000000000000,443282097,""
PUMP,SOL,G9RCBaYb8aBRxoe8QBC2ucGrVqjuZFysRhY8d56cnNT1,48500881.230000000000000000,443282097,""
PUMP,SOL,9WzDXwBbmkg8ZTbNMqUxvQRAyrZzDsGYdLVL9zYtAWWM,16629591453.000000000000000000,443282097,""
PUMP,SOL,EPauhjQjjTBCpeBtszS3xGRASLpEJFM1cspSiFRXZa9Z,2321128.220000000000000000,443282097,""
RLUSD,ETH,0x21a31ee1afc51d94c2efccaa2092ad1028285549,8796091.238000000000000000,25878704,""
RLUSD,XRP,rDAE53VfMvftPB4ogpWGWvzkQxfht6JPxr,180177442.500000000000000000,106677545,""
RLUSD,ETH,0x28c6c06298d514db089934071355e5743bf21d60,46806002.800000000000000000,25878704,""
RLUSD,ETH,0xf977814e90da44bfa03b6295a0616a897441acec,67724717.520000000000000000,25878704,""
RLUSD,ETH,0x5a52e96bacdabb82fd05763e25335261b270efcb,58723089.870000000000000000,25878704,""
RLUSD,ETH,0x4ed6cf63bd9c009d247ee51224fc1c7041f517f1,32724.419410000000000000,25878704,""
RLUSD,ETH,0xdfd5293d8e347dfe59e90efd55b2956a1343963d,8136805.461000000000000000,25878704,""
RLUSD,ETH,0x98adef6f2ac8572ec48965509d69a8dd5e8bba9d,24328.645380000000000000,25878704,""
RLUSD,XRP,rQUp2PKzH3vCtKs5H9tsPPE1rTsN6fhjqn,761103.346400000000000000,106677545,Ceffu
S,SONIC,0xa4e471dbfe8c95d4c44f520b19cee436c01c3267,39059148.260000000000000000,78496667,""
S,SONIC,0x4fdfe365436b5273a42f135c6a6244a20404271e,5342723.200000000000000000,78496667,""
S,SONIC,0x43684d03d81d3a4c70da68febdd61029d426f042,15595064.570000000000000000,78496667,""
S,SONIC,0x98adef6f2ac8572ec48965509d69a8dd5e8bba9d,36311914.640000000000000000,78496667,""
S,SONIC,0xd3a22590f8243f8e83ac230d1842c9af0404c4a1,6023170.870000000000000000,78496667,Ceffu
S,SONIC,0xab72bd3eb3b5cc90165fa39da85ad0d496330c00,0.000367500000000000,78496667,""
S,SONIC,0x909c0bc97dbc8ee1b802d949ebf97b406aedc01f,5311622.137000000000000000,78496667,Ceffu
S,SONIC,0x64de13c46f627d9c86212050d48756fb65c06d8a,66000048.760000000000000000,78496667,""
S,SONIC,0xf977814e90da44bfa03b6295a0616a897441acec,1034349964.000000000000000000,78496667,""
S,SONIC,0x18e226459ccf0eec276514a4fd3b226d8961e4d1,2225078.807000000000000000,78496667,""
SHIB,BSC,0x8894e0a0c962cb723c1976a4421c95949be2d4e3,110028007724.000000000000000000,119243645,""
SHIB,ETH,0x21a31ee1afc51d94c2efccaa2092ad1028285549,161714317516.000000000000000000,25878704,""
SHIB,ETH,0x43684d03d81d3a4c70da68febdd61029d426f042,2371261930751.000000000000000000,25878704,""
SHIB,ETH,0xf977814e90da44bfa03b6295a0616a897441acec,7000000000000.000000000000000000,25878704,""
SHIB,ETH,0x5a52e96bacdabb82fd05763e25335261b270efcb,37604294060174.000000000000000000,25878704,""
SHIB,ETH,0x86523c87c8ec98c7539e2c58cd813ee9d1a08d96,548251158760.000000000000000000,25878704,""
SHIB,ETH,0x28c6c06298d514db089934071355e5743bf21d60,659309224098.000000000000000000,25878704,""
SHIB,ETH,0x18e226459ccf0eec276514a4fd3b226d8961e4d1,451874585883.000000000000000000,25878704,""
SHIB,ETH,0x3a3c006053a9b40286b9951a11be4c5808c11dc8,5593953615.000000000000000000,25878704,Ceffu
SHIB,ETH,0x56eddb7aa87536c09ccc2793473599fd21a8b17f,1.0000000000E-8,25878704,""
SHIB,ETH,0xdfd5293d8e347dfe59e90efd55b2956a1343963d,149020995790.000000000000000000,25878704,""
SHIB,ETH,0x4fdfe365436b5273a42f135c6a6244a20404271e,399127263852.000000000000000000,25878704,""
SHIB,ETH,0x4976a4a02f38326660d17bf34b431dc6e2eb2327,1.0000000000E-8,25878704,""
SHIB,ETH,0x4aec0e98fc1fb55b9cc2faaa7a81acca42cb4e96,1092174804.000000000000000000,25878704,""
SHIB,ETH,0x98adef6f2ac8572ec48965509d69a8dd5e8bba9d,427280897636.000000000000000000,25878704,""
SHIB,ETH,0x4ed6cf63bd9c009d247ee51224fc1c7041f517f1,27964852056.000000000000000000,25878704,""
SHIB,ETH,0x835678a611b28684005a5e2233695fb6cbbb0007,845601246969.000000000000000000,25878704,""
SHIB,BSC,0xdccf3b77da55107280bd850ea519df3705d1a75a,5382671294.000000000000000000,119243645,""
SHIB,BSC,0x3c783c21a0383057d128bae431894a5c19f9cf06,5349754101.000000000000000000,119243645,""
SHIB,BSC,0xe2fc31f816a9b94326492132018c3aecc4a93ae1,6230515334.000000000000000000,119243645,""
SHIB,BSC,0x18e226459ccf0eec276514a4fd3b226d8961e4d1,372643419.700000000000000000,119243645,""
SHIB,BSC,0x86523c87c8ec98c7539e2c58cd813ee9d1a08d96,1789425375.000000000000000000,119243645,""
SHIB,BSC,0x161ba15a5f335c9f06bb5bbb0a9ce14076fbb645,1.0000000000E-8,119243645,""
SHIB,BSC,0xf977814e90da44bfa03b6295a0616a897441acec,503909593188.000000000000000000,119243645,""
SHIB,BSC,0x08439901c2bb071cd0812ed329675c9657434083,1585638020.000000000000000000,119243645,Ceffu
SHIB,BSC,0x98adef6f2ac8572ec48965509d69a8dd5e8bba9d,215921340353.000000000000000000,119243645,""
SOL,SOL,5tzFkiKscXHK5ZXCGbXZxdw7gTjjD1mBwuoFbhUvuAi9,1790580.231000000000000000,443282097,""
SOL,BSC,0x8894e0a0c962cb723c1976a4421c95949be2d4e3,69302.379900000000000000,119243645,""
SOL,BSC,0xe2fc31f816a9b94326492132018c3aecc4a93ae1,10673.080270000000000000,119243645,""
SOL,BSC,0x18e226459ccf0eec276514a4fd3b226d8961e4d1,82799.524320000000000000,119243645,""
SOL,BSC,0x4ed6cf63bd9c009d247ee51224fc1c7041f517f1,26922.314270000000000000,119243645,""
SOL,BSC,0x835678a611b28684005a5e2233695fb6cbbb0007,6509.000000000000000000,119243645,""
SOL,BSC,0xf977814e90da44bfa03b6295a0616a897441acec,671277.868000000000000000,119243645,""
SOL,BSC,0xd3a22590f8243f8e83ac230d1842c9af0404c4a1,446.349972200000000000,119243645,Ceffu
SOL,BSC,0x08439901c2bb071cd0812ed329675c9657434083,2654.969065000000000000,119243645,Ceffu
SOL,BSC,0xeb2d2f1b8c558a40207669291fda468e50c8a0bb,1.0000000000E-8,119243645,""
SOL,SOL,c5f9zfpkKMD9N8uLqJcFeJAAz7v12vDMnup9Y6EeQkk,4235909.878000000000000000,443282097,""
SOL,SOL,2ojv9BAiHUrvsm9gxDe7fJSzbNZSJcxZvf8dqmWGHG8S,4.265543420000000000,443282097,""
SOL,SOL,G9RCBaYb8aBRxoe8QBC2ucGrVqjuZFysRhY8d56cnNT1,2055.852277000000000000,443282097,""
SOL,SOL,28nYGHJyUVcVdxZtzKByBXEj127XnrUkrE3VaGuWj1ZU,323713.671300000000000000,443282097,Ceffu
SOL,SOL,HXsKP7wrBWaQ8T2Vtjry3Nj3oUgwYcqq9vrHDM12G664,692514.628500000000000000,443282097,""
SOL,SOL,GBrURzmtWujJRTA3Bkvo7ZgWuZYLMMwPCwre7BejJXnK,357122.169800000000000000,443282097,""
SOL,SOL,5SDrsMNTYdhmApjfqYHDvjoW92f2S42vcc7zNDVcQ9Ej,16597.083360000000000000,443282097,Ceffu
SOL,SOL,6oCa9Tz8VXVp63WiFyruE5PD6yXz3pCsv6oGzUGvg9TP,3419.692338000000000000,443282097,""
SOL,SOL,38xCLm9kSExfGU1GdyVuX4vop7SZns9kU2mQyTmmMdUP,1032018.211000000000000000,443282097,""
SOL,SOL,EtwjSV65xPjZxDmmoNTw78gdYxLa1ayqVo4kXGsjhMiA,135451.129200000000000000,443282097,""
SOL,SOL,GK35nWN6ZHSGZrRTf8kTQd8RkFCighChPEb41XwSFVAC,78857.390130000000000000,443282097,""
SOL,SOL,3gd3dqgtJ4jWfBfLYTX67DALFetjc5iS72sCgRhCkW2u,4298779.998000000000000000,443282097,""
SOL,SOL,3yFwqXBfZY4jBVUafQ1YEXw189y2dN3V5KQq9uzBDy1E,1.129298090000000000,443282097,""
SOL,SOL,6QJzieMYfp7yr3EdrePaQoG3Ghxs2wM98xSLRu8Xh56U,314536.704800000000000000,443282097,""
SOL,SOL,9WzDXwBbmkg8ZTbNMqUxvQRAyrZzDsGYdLVL9zYtAWWM,9188448.314000000000000000,443282097,""
SOL,SOL,EPauhjQjjTBCpeBtszS3xGRASLpEJFM1cspSiFRXZa9Z,1.716941920000000000,443282097,""
SOL,SOL,BZ3kabSsMzbuJUguYxtmkRtzw7ACqw1DUMH8PcbvXiUr,0.005995000000000000,443282097,Ceffu
SSV,ETH,0xf977814e90da44bfa03b6295a0616a897441acec,400000.000000000000000000,25878704,""
SSV,ETH,0x5a52e96bacdabb82fd05763e25335261b270efcb,2550001.000000000000000000,25878704,""
SSV,ETH,0x28c6c06298d514db089934071355e5743bf21d60,449959.596200000000000000,25878704,""
SSV,ETH,0x18e226459ccf0eec276514a4fd3b226d8961e4d1,3574.243373000000000000,25878704,""
SSV,ETH,0x3a3c006053a9b40286b9951a11be4c5808c11dc8,12126.569780000000000000,25878704,Ceffu
SSV,ETH,0xdfd5293d8e347dfe59e90efd55b2956a1343963d,52772.212040000000000000,25878704,""
SSV,ETH,0x21a31ee1afc51d94c2efccaa2092ad1028285549,74730.800800000000000000,25878704,""
SSV,ETH,0x4ed6cf63bd9c009d247ee51224fc1c7041f517f1,400.845706900000000000,25878704,""
SSV,ETH,0x98adef6f2ac8572ec48965509d69a8dd5e8bba9d,109051.896000000000000000,25878704,""
SSV,ETH,0x26BFf98f6f37c8d560684eAF2AFd1149bF76633E,300019.000000000000000000,25878704,""
SUI,SUI,0x935029ca5219502a47ac9b69f556ccf6e2198b5e7815cf50f68846f723739cbd,24928202.190000000000000000,317287615,""
SUI,BSC,0xe2fc31f816a9b94326492132018c3aecc4a93ae1,0.004390200000000000,119243645,""
SUI,BSC,0x8894e0a0c962cb723c1976a4421c95949be2d4e3,612257.003800000000000000,119243645,""
SUI,SUI,0x902b2e182a16fcf17ee984aa0d6f502ab77619e5187f250e7639497f4f4f5ee1,1575206.724000000000000000,317287615,Ceffu
SUI,SUI,0x8dbb20ffe54700954abc964406302362b89d6bb95b163190724f4583b9ff3d2e,2062016.406000000000000000,317287615,""
SUI,SUI,0x444f3decff81ab48b43275efeaede71443cc4a42cc3414c32a91f0104151ca92,45000004.460000000000000000,317287615,""
SUI,SUI,0xac3034b15f40ea238c0f9f19f87b1692308219081e72d2798c65167693388082,2794492.782000000000000000,317287615,""
SUI,SUI,0xec8bfd046b1450ae97821a3cf86f6e5d21bb9491a590418f5a6aee682a159081,0.007097880000000000,317287615,Ceffu
SUI,SUI,0x96ed379243830efc1adfe2c1359670f8289561c7f0d1b8810b3db28a827fbe51,14404.143060000000000000,317287615,""
SUI,SUI,0x5fdfcc18e0791862c107c49ea13a5bcf4965f00ac057f56ea04034ebb5ea45ad,15139139.110000000000000000,317287615,""
SUI,SUI,0x5be98f6812b102e8677cb9afa5644b35c4e6198be7330121dbda04ac2aedba44,626816.065400000000000000,317287615,""
SUI,SUI,0xac5bceec1b789ff840d7d4e6ce4ce61c90d190a7f8c4f4ddf0bff6ee2413c33c,4770.665517000000000000,317287615,""
SUI,SUI,0x8d4e8e88447f95a8509de759bf649a51876581f6a6338a9b3c68f82cfb6edd9b,9254436.722000000000000000,317287615,""
SUI,SUI,0x9623b0f45c481b8cf2a9d101d2e10722d7fa19f75e49aa1de35a04c964c5e909,28544067.290000000000000000,317287615,""
SUI,SUI,0x7ab9a6a7109dcb9cb357a109f32dfcc78a7aa2d6029084eb924d95133fc71cec,391905590.800000000000000000,317287615,""
TRUMP,SOL,5tzFkiKscXHK5ZXCGbXZxdw7gTjjD1mBwuoFbhUvuAi9,25195576.950000000000000000,443282097,""
TRUMP,SOL,G9RCBaYb8aBRxoe8QBC2ucGrVqjuZFysRhY8d56cnNT1,106764.406300000000000000,443282097,""
TRUMP,SOL,GBrURzmtWujJRTA3Bkvo7ZgWuZYLMMwPCwre7BejJXnK,984211.550000000000000000,443282097,""
TRUMP,SOL,5SDrsMNTYdhmApjfqYHDvjoW92f2S42vcc7zNDVcQ9Ej,159594.860600000000000000,443282097,Ceffu
TRUMP,SOL,38xCLm9kSExfGU1GdyVuX4vop7SZns9kU2mQyTmmMdUP,1019990.948000000000000000,443282097,""
TRUMP,SOL,EtwjSV65xPjZxDmmoNTw78gdYxLa1ayqVo4kXGsjhMiA,84000.240000000000000000,443282097,""
TRUMP,SOL,3gd3dqgtJ4jWfBfLYTX67DALFetjc5iS72sCgRhCkW2u,6000000.000000000000000000,443282097,""
TRUMP,SOL,9WzDXwBbmkg8ZTbNMqUxvQRAyrZzDsGYdLVL9zYtAWWM,29943588.910000000000000000,443282097,""
TRUMP,SOL,EPauhjQjjTBCpeBtszS3xGRASLpEJFM1cspSiFRXZa9Z,92350.949760000000000000,443282097,""
TUSD,ETH,0xf977814e90da44bfa03b6295a0616a897441acec,3072391.422000000000000000,25878704,""
TUSD,ETH,0x28c6c06298d514db089934071355e5743bf21d60,55254.204060000000000000,25878704,""
TUSD,ETH,0xdfd5293d8e347dfe59e90efd55b2956a1343963d,7385.587173000000000000,25878704,""
TUSD,ETH,0x21a31ee1afc51d94c2efccaa2092ad1028285549,5225.631036000000000000,25878704,""
TUSD,ETH,0x98adef6f2ac8572ec48965509d69a8dd5e8bba9d,31703.330560000000000000,25878704,""
TUSD,ETH,0x5a52e96bacdabb82fd05763e25335261b270efcb,2728912.638000000000000000,25878704,""
TUSD,ETH,0x4ed6cf63bd9c009d247ee51224fc1c7041f517f1,1077.401833000000000000,25878704,""
TUSD,TRX,TDqSquXBgUCLYvYC4XZgrprLK589dkhSCf,1550578.963000000000000000,85849746,""
TUSD,TRX,TWd4WrZ9wn84f5x1hZhL4DHvk738ns5jwb,2000000.000000000000000000,85849746,""
TUSD,TRX,TNXoiAJ3dct8Fjg4M9fkLFh9S2v9TXc32G,991929.560000000000000000,85849746,""
TUSD,BSC,0x18e226459ccf0eec276514a4fd3b226d8961e4d1,15000.000000000000000000,119243645,""
TUSD,BSC,0xe2fc31f816a9b94326492132018c3aecc4a93ae1,57249.149520000000000000,119243645,""
TUSD,BSC,0x43684d03d81d3a4c70da68febdd61029d426f042,256388.656300000000000000,119243645,""
TUSD,BSC,0xf977814e90da44bfa03b6295a0616a897441acec,60337.586000000000000000,119243645,""
TUSD,BSC,0x5a52e96bacdabb82fd05763e25335261b270efcb,896917.499000000000000000,119243645,""
TUSD,BSC,0x8894e0a0c962cb723c1976a4421c95949be2d4e3,312267.842000000000000000,119243645,""
TUSD,BSC,0x98adef6f2ac8572ec48965509d69a8dd5e8bba9d,9.915100000000000000,119243645,""
U,BSC,0xe2fc31f816a9b94326492132018c3aecc4a93ae1,7211814.056000000000000000,119243645,""
U,BSC,0x8894e0a0c962cb723c1976a4421c95949be2d4e3,38112768.660000000000000000,119243645,""
U,ETH,0xf977814e90da44bfa03b6295a0616a897441acec,118550000.000000000000000000,25878704,""
U,ETH,0x5a52e96bacdabb82fd05763e25335261b270efcb,17670516.520000000000000000,25878704,""
U,ETH,0x28c6c06298d514db089934071355e5743bf21d60,88900989.410000000000000000,25878704,""
U,ETH,0xdfd5293d8e347dfe59e90efd55b2956a1343963d,10330331.150000000000000000,25878704,""
U,ETH,0x21a31ee1afc51d94c2efccaa2092ad1028285549,13332999.000000000000000000,25878704,""
U,TRX,TDqSquXBgUCLYvYC4XZgrprLK589dkhSCf,241189.186000000000000000,85849746,""
U,TRX,TNXoiAJ3dct8Fjg4M9fkLFh9S2v9TXc32G,46495.746550000000000000,85849746,""
U,TRX,TWd4WrZ9wn84f5x1hZhL4DHvk738ns5jwb,34409720.000000000000000000,85849746,""
U,BSC,0x4ed6cf63bd9c009d247ee51224fc1c7041f517f1,432012.735900000000000000,119243645,""
U,BSC,0x5a52e96bacdabb82fd05763e25335261b270efcb,165718862.900000000000000000,119243645,""
U,BSC,0xf977814e90da44bfa03b6295a0616a897441acec,650000000.000000000000000000,119243645,""
U,BSC,0x08439901c2bb071cd0812ed329675c9657434083,1000000.360000000000000000,119243645,Ceffu
U,BSC,0x98adef6f2ac8572ec48965509d69a8dd5e8bba9d,1666115.916000000000000000,119243645,""
UNI,ETH,0xdfd5293d8e347dfe59e90efd55b2956a1343963d,870330.911200000000000000,25878704,""
UNI,ETH,0x21a31ee1afc51d94c2efccaa2092ad1028285549,743963.945900000000000000,25878704,""
UNI,ETH,0x28c6c06298d514db089934071355e5743bf21d60,5304443.368000000000000000,25878704,""
UNI,ETH,0xf977814e90da44bfa03b6295a0616a897441acec,12883636.110000000000000000,25878704,""
UNI,ETH,0x3a3c006053a9b40286b9951a11be4c5808c11dc8,150347.924000000000000000,25878704,Ceffu
UNI,ETH,0x5a52e96bacdabb82fd05763e25335261b270efcb,36506009.690000000000000000,25878704,""
UNI,ETH,0xd3a22590f8243f8e83ac230d1842c9af0404c4a1,52420.379810000000000000,25878704,Ceffu
UNI,ETH,0x4aec0e98fc1fb55b9cc2faaa7a81acca42cb4e96,11210.386100000000000000,25878704,""
UNI,ETH,0x4ed6cf63bd9c009d247ee51224fc1c7041f517f1,7365.214469000000000000,25878704,""
UNI,ETH,0x98adef6f2ac8572ec48965509d69a8dd5e8bba9d,548701.030300000000000000,25878704,""
UNI,BSC,0x8894e0a0c962cb723c1976a4421c95949be2d4e3,83433.775810000000000000,119243645,""
UNI,BSC,0xe2fc31f816a9b94326492132018c3aecc4a93ae1,182749.403300000000000000,119243645,""
UNI,BSC,0x18e226459ccf0eec276514a4fd3b226d8961e4d1,62317.195220000000000000,119243645,""
UNI,BSC,0x43684d03d81d3a4c70da68febdd61029d426f042,96717.339130000000000000,119243645,""
UNI,BSC,0xd3a22590f8243f8e83ac230d1842c9af0404c4a1,2105.698000000000000000,119243645,Ceffu
UNI,BSC,0x08439901c2bb071cd0812ed329675c9657434083,4875.030740000000000000,119243645,Ceffu
UNI,BSC,0x98adef6f2ac8572ec48965509d69a8dd5e8bba9d,2.307698800000000000,119243645,""
USD1,ETH,0xdfd5293d8e347dfe59e90efd55b2956a1343963d,11979506.070000000000000000,25878704,""
USD1,ETH,0xf977814e90da44bfa03b6295a0616a897441acec,427687917.200000000000000000,25878704,""
USD1,ETH,0x3a3c006053a9b40286b9951a11be4c5808c11dc8,7311266.216000000000000000,25878704,Ceffu
USD1,ETH,0x28c6c06298d514db089934071355e5743bf21d60,54272836.800000000000000000,25878704,""
USD1,ETH,0x5a52e96bacdabb82fd05763e25335261b270efcb,471262416.400000000000000000,25878704,""
USD1,ETH,0x21a31ee1afc51d94c2efccaa2092ad1028285549,8829727.000000000000000000,25878704,""
USD1,BSC,0xeb2d2f1b8c558a40207669291fda468e50c8a0bb,10455400.500000000000000000,119243645,""
USD1,AB,0x59fbc084aeed2c8e6e9b6ebe8a11d443efcb40d2,15423241.920000000000000000,14503665,""
USD1,BSC,0xe2fc31f816a9b94326492132018c3aecc4a93ae1,10557675.240000000000000000,119243645,""
USD1,BSC,0x515b72ed8a97f42c568d6a143232775018f133c8,13142254.790000000000000000,119243645,""
USD1,BSC,0x8894e0a0c962cb723c1976a4421c95949be2d4e3,24436402.150000000000000000,119243645,""
USD1,SOL,5tzFkiKscXHK5ZXCGbXZxdw7gTjjD1mBwuoFbhUvuAi9,39472432.270000000000000000,443282097,""
USD1,BSC,0x161ba15a5f335c9f06bb5bbb0a9ce14076fbb645,9384405.945000000000000000,119243645,""
USD1,BSC,0xa180fe01b906a1be37be6c534a3300785b20d947,15125060.600000000000000000,119243645,""
USD1,BSC,0xbd612a3f30dca67bf60a39fd0d35e39b7ab80774,10740404.070000000000000000,119243645,""
USD1,BSC,0x18e226459ccf0eec276514a4fd3b226d8961e4d1,13723.765690000000000000,119243645,""
USD1,BSC,0xf977814e90da44bfa03b6295a0616a897441acec,292998743.300000000000000000,119243645,""
USD1,BSC,0x5a52e96bacdabb82fd05763e25335261b270efcb,80000000.000000000000000000,119243645,""
USD1,BSC,0x08439901c2bb071cd0812ed329675c9657434083,7103798.713000000000000000,119243645,Ceffu
USD1,BSC,0x98adef6f2ac8572ec48965509d69a8dd5e8bba9d,10950374.390000000000000000,119243645,""
USD1,SOL,3gd3dqgtJ4jWfBfLYTX67DALFetjc5iS72sCgRhCkW2u,352225915.900000000000000000,443282097,""
USD1,SOL,9WzDXwBbmkg8ZTbNMqUxvQRAyrZzDsGYdLVL9zYtAWWM,679358605.400000000000000000,443282097,""
USDC,HBAR,0.0.1030878,3635049.277000000000000000,99493123,""
USDC,ETH,0xee7ae85f2fe2239e27d9c1e23fffe168d63b4055,1016233287.000000000000000000,25878704,""
USDC,BSC,0x8894e0a0c962cb723c1976a4421c95949be2d4e3,128733695.100000000000000000,119243645,""
USDC,OPTIMISM,0xee7ae85f2fe2239e27d9c1e23fffe168d63b4055,11090881.540000000000000000,156311011,""
USDC,MATIC,0xee7ae85f2fe2239e27d9c1e23fffe168d63b4055,78021059.130000000000000000,93010514,""
USDC,XLM,GC5LF63GRVIT5ZXXCXLPI3RX2YXKJQFZVBSAO6AUELN3YIMSWPD6Z6FH,99396596.730000000000000000,64216184,""
USDC,ALGO,QYXDGS2XJJT7QNR6EJ2YHNZFONU6ROFM6BKTBNVT63ZXQ5OC6IYSPNDJ4U,15376571.800000000000000000,64610362,""
USDC,BASE,0xee7ae85f2fe2239e27d9c1e23fffe168d63b4055,90184443.920000000000000000,50715726,""
USDC,ZKSYNCERA,0x7aed074ca56f5050d5a2e512ecc5bf7103937d76,697343.489500000000000000,71798708,""
USDC,RON,0xb32e9a84ae0b55b8ab715e4ac793a61b277bafa3,223792.416000000000000000,60376006,""
USDC,BSC,0xe2fc31f816a9b94326492132018c3aecc4a93ae1,38058315.830000000000000000,119243645,""
USDC,SOL,5tzFkiKscXHK5ZXCGbXZxdw7gTjjD1mBwuoFbhUvuAi9,365841869.000000000000000000,443282097,""
USDC,AVAXC,0xee7ae85f2fe2239e27d9c1e23fffe168d63b4055,45965791.040000000000000000,94159927,""
USDC,SONIC,0xee7ae85f2fe2239e27d9c1e23fffe168d63b4055,24725825.770000000000000000,78496667,""
USDC,ZKSYNCERA,0xf977814e90da44bfa03b6295a0616a897441acec,0E-18,71798708,""
USDC,ZKSYNCERA,0x4aec0e98fc1fb55b9cc2faaa7a81acca42cb4e96,0E-18,71798708,""
USDC,ZKSYNCERA,0x4ed6cf63bd9c009d247ee51224fc1c7041f517f1,0E-18,71798708,""
USDC,ZKSYNCERA,0xa84fd90d8640fa63d194601e0b2d1c9094297083,1.400996000000000000,71798708,""
USDC,ZKSYNCERA,0x43684d03d81d3a4c70da68febdd61029d426f042,0E-18,71798708,""
USDC,ETH,0x43684d03d81d3a4c70da68febdd61029d426f042,0E-18,25878704,""
USDC,ETH,0xf977814e90da44bfa03b6295a0616a897441acec,142.244500000000000000,25878704,""
USDC,ETH,0xbe0eb53f46cd790cd13851d5eff43d12404d33e8,13.000000000000000000,25878704,""
USDC,ETH,0x1b46970cfe6a271e884f636663c257a5a571fb2c,1.000000000000000000,25878704,""
USDC,ETH,0x18e226459ccf0eec276514a4fd3b226d8961e4d1,0E-18,25878704,""
USDC,ETH,0xe1940f578743367f38d3f25c2d2d32d6636929b6,1699999999.000000000000000000,25878704,""
USDC,ARBITRUM,0xee7ae85f2fe2239e27d9c1e23fffe168d63b4055,107170502.900000000000000000,500455224,""
USDC,ETH,0x28c6c06298d514db089934071355e5743bf21d60,50828.467320000000000000,25878704,""
USDC,ETH,0xad354cfbaa4a8572dd6df021514a3931a8329ef5,1400000001.000000000000000000,25878704,""
USDC,ETH,0x3a3c006053a9b40286b9951a11be4c5808c11dc8,2.000845000000000000,25878704,Ceffu
USDC,ETH,0x56eddb7aa87536c09ccc2793473599fd21a8b17f,403.251567000000000000,25878704,""
USDC,ETH,0x9696f59e4d72e237be84ffd425dcad154bf96976,1270.228217000000000000,25878704,""
USDC,ETH,0x21a31ee1afc51d94c2efccaa2092ad1028285549,1590.184919000000000000,25878704,""
USDC,ETH,0x71a7de1bdad3904b312717843597f549d2a79eb8,0E-18,25878704,Ceffu
USDC,ETH,0x4aec0e98fc1fb55b9cc2faaa7a81acca42cb4e96,0.001200000000000000,25878704,""
USDC,ETH,0xa7c0d36c4698981fab42a7d8c783674c6fe2592d,0E-18,25878704,""
USDC,ETH,0x835678a611b28684005a5e2233695fb6cbbb0007,0E-18,25878704,""
USDC,ETH,0xb93b82f33e2653b544e046128f3cb47879dc917b,32609393.930000000000000000,25878704,Ceffu
USDC,ETH,0xdfd5293d8e347dfe59e90efd55b2956a1343963d,1343.599631000000000000,25878704,""
USDC,ETH,0xd3a22590f8243f8e83ac230d1842c9af0404c4a1,0.011200000000000000,25878704,Ceffu
USDC,ETH,0x4976a4a02f38326660d17bf34b431dc6e2eb2327,302.419621000000000000,25878704,""
USDC,LINEA,0x4ed6cf63bd9c009d247ee51224fc1c7041f517f1,0E-18,31896444,""
USDC,ETH,0x87433fec6f8d9df13d1e17c4b11364ecd2e93a51,2.493186000000000000,25878704,""
USDC,ETH,0x4a9e49a45a4b2545cb177f79c7381a30e1dc261f,0E-18,25878704,Ceffu
USDC,ETH,0x030e37ddd7df1b43db172b23916d523f1599c6cb,0E-18,25878704,""
USDC,ETH,0x5a52e96bacdabb82fd05763e25335261b270efcb,0E-18,25878704,""
USDC,ETH,0x38aaef3782910bdd9ea3566c839788af6ff9b200,1341277873.000000000000000000,25878704,""
USDC,ETH,0x4ed6cf63bd9c009d247ee51224fc1c7041f517f1,0E-18,25878704,""
USDC,LINEA,0xf977814e90da44bfa03b6295a0616a897441acec,0E-18,31896444,""
USDC,STARKNET,0x0213c67ed78bc280887234fe5ed5e77272465317978ae86c25a71531d9332a2d,541352.406200000000000000,14172969,""
USDC,XLM,GBAIA5U6E3FSRUW55AXACIVGX2QR5JYAS74OWLED3S22EGXVYEHPLGPA,1675167.198000000000000000,64216184,""
USDC,TRX,TVGDpgtCs45PJE7ZMHhiC76L3v77qAwJW9,5.918220000000000000,85849746,Ceffu
USDC,TRX,TRGCqsUXeynKTgynp2j9g3sg7Nux2KtB3u,0.000001000000000000,85849746,""
USDC,TRX,TKoMMAMrDCUY212N6M4pzmYABtgkgo7XZn,0E-18,85849746,Ceffu
USDC,TRX,TYASr5UV6HEcXatwdFQfmLVUqQQQMUxHLS,0E-18,85849746,""
USDC,TRX,TQrY8tryqsYVCYS3MFbtffiPp2ccyn4STm,0E-18,85849746,""
USDC,TRX,TAzsQ9Gx8eqFNFSKbeXrbi45CuVPHzA8wr,0E-18,85849746,""
USDC,TRX,TDqSquXBgUCLYvYC4XZgrprLK589dkhSCf,79913.958740000000000000,85849746,""
USDC,TRX,TJDENsfBJs4RFETt1X1W8wMDc8M5XnJhCe,0E-18,85849746,""
USDC,TRX,TNXoiAJ3dct8Fjg4M9fkLFh9S2v9TXc32G,0.681669000000000000,85849746,""
USDC,TRX,TQq26fUorctUZvrAgKg8Wz6QyYHvYd6xWK,0E-18,85849746,Ceffu
USDC,TRX,TWd4WrZ9wn84f5x1hZhL4DHvk738ns5jwb,0E-18,85849746,""
USDC,TRX,TJCo98saj6WND61g1uuKwJ9GMWMT9WkJFo,0E-18,85849746,""
USDC,TRX,TMuA6YqfCeX8EhbfYEg5y7S4DqzSJireY9,0E-18,85849746,""
USDC,NEAR,5c33c6218d47e00ef229f60da78d0897e1ee9665312550b8afd5f9c7bc6957d2,10813231.800000000000000000,213761241,""
USDC,ALGO,MTCEM5YJJSYGW2RCXYXGE4SXLSPUUEJKQAWG2GUX6CNN72KQ3XPJCM6NOI,412770.365000000000000000,64610362,""
USDC,WLD,0xee7ae85f2fe2239e27d9c1e23fffe168d63b4055,148788.045000000000000000,34442580,""
USDC,STATEMINT,13vg3Mrxm3GL9eXxLsGgLYRueiwFCiMbkdHBL4ZN5aob5D4N,5624006.590000000000000000,20119207,""
USDC,STATEMINT,1qnJN7FViy3HZaxZK9tGAA71zxHSBeUweirKqCaox4t8GT7,4.731572000000000000,20119207,""
USDC,OPTIMISM,0xacd03d601e5bb1b275bb94076ff46ed9d753435a,25.292665000000000000,156311011,""
USDC,OPTIMISM,0x5a52e96bacdabb82fd05763e25335261b270efcb,0E-18,156311011,""
USDC,RON,0x030e37ddd7df1b43db172b23916d523f1599c6cb,0E-18,60376006,""
USDC,RON,0x5a52e96bacdabb82fd05763e25335261b270efcb,0E-18,60376006,""
USDC,OPTIMISM,0x8c991b8bb43859d2f3dff541eb43add2ce92505f,0E-18,156311011,""
USDC,OPTIMISM,0x4ed6cf63bd9c009d247ee51224fc1c7041f517f1,0E-18,156311011,""
USDC,BASE,0x4ed6cf63bd9c009d247ee51224fc1c7041f517f1,0E-18,50715726,""
USDC,BASE,0xf977814e90da44bfa03b6295a0616a897441acec,15115.035050000000000000,50715726,""
USDC,BASE,0x18e226459ccf0eec276514a4fd3b226d8961e4d1,0E-18,50715726,""
USDC,BASE,0xa7c0d36c4698981fab42a7d8c783674c6fe2592d,0E-18,50715726,""
USDC,BASE,0x5a52e96bacdabb82fd05763e25335261b270efcb,0.727829000000000000,50715726,""
USDC,OPTIMISM,0x18e226459ccf0eec276514a4fd3b226d8961e4d1,17.861500000000000000,156311011,""
USDC,OPTIMISM,0xf977814e90da44bfa03b6295a0616a897441acec,0.000805000000000000,156311011,""
USDC,BASE,0x3304e22ddaa22bcdc5fca2269b418046ae7b566a,78278.602140000000000000,50715726,""
USDC,BASE,0x2b9ffcd7a44f9afc8770ac1d5e6405410816dab4,0.000273000000000000,50715726,Ceffu
USDC,BASE,0xd62e55b19135eb3c645573288ee4b6050f86ff54,67591187.540000000000000000,50715726,""
USDC,BASE,0x71a7de1bdad3904b312717843597f549d2a79eb8,0E-18,50715726,Ceffu
USDC,SONIC,0x7ca1f5c11e298b8e5f6d8ddcc685a90c95dd8b44,66016017.270000000000000000,78496667,""
USDC,SONIC,0xd3a22590f8243f8e83ac230d1842c9af0404c4a1,0E-18,78496667,Ceffu
USDC,SONIC,0x43684d03d81d3a4c70da68febdd61029d426f042,0E-18,78496667,""
USDC,SONIC,0xf977814e90da44bfa03b6295a0616a897441acec,0E-18,78496667,""
USDC,BASE,0x835678a611b28684005a5e2233695fb6cbbb0007,0E-18,50715726,""
USDC,BASE,0xb93b82f33e2653b544e046128f3cb47879dc917b,622039.888000000000000000,50715726,Ceffu
USDC,SONIC,0xa4e471dbfe8c95d4c44f520b19cee436c01c3267,0E-18,78496667,""
USDC,SONIC,0x18e226459ccf0eec276514a4fd3b226d8961e4d1,0E-18,78496667,""
USDC,WLD,0x43684d03d81d3a4c70da68febdd61029d426f042,0E-18,34442580,""
USDC,WLD,0x18e226459ccf0eec276514a4fd3b226d8961e4d1,0E-18,34442580,""
USDC,WLD,0xf977814e90da44bfa03b6295a0616a897441acec,0E-18,34442580,""
USDC,WLD,0xbccf3e48d170f9af130e20c2d42243f528770452,0E-18,34442580,""
USDC,WLD,0x4ed6cf63bd9c009d247ee51224fc1c7041f517f1,0E-18,34442580,""
USDC,NEAR,451913e633c72fb951effe076d3bd2977e3f08083dcf6c87fa89992b0d437c5c,995617.965300000000000000,213761241,""
USDC,NEAR,9c484fa5d2d069569ba063fc555c34e621ccd88fdbb0295fc79bad232621c5c1,966805.800000000000000000,213761241,""
USDC,MATIC,0xf977814e90da44bfa03b6295a0616a897441acec,268.209996000000000000,93010514,""
USDC,MATIC,0xe7804c37c13166ff0b37f5ae0bb07a3aebb6e245,21260.842310000000000000,93010514,""
USDC,MATIC,0x18e226459ccf0eec276514a4fd3b226d8961e4d1,750.000000000000000000,93010514,""
USDC,MATIC,0x505e71695e9bc45943c58adec1650577bca68fd9,5.204480000000000000,93010514,""
USDC,MATIC,0x290275e3db66394c52272398959845170e4dcb88,258.301895000000000000,93010514,""
USDC,MATIC,0x43684d03d81d3a4c70da68febdd61029d426f042,0E-18,93010514,""
USDC,MATIC,0x5a52e96bacdabb82fd05763e25335261b270efcb,0E-18,93010514,""
USDC,MATIC,0x4ed6cf63bd9c009d247ee51224fc1c7041f517f1,0E-18,93010514,""
USDC,MATIC,0x082489a616ab4d46d1947ee3f912e080815b08da,0E-18,93010514,""
USDC,MATIC,0xa7c0d36c4698981fab42a7d8c783674c6fe2592d,0E-18,93010514,""
USDC,MATIC,0xb75f972af41d6ff0bcc6b2613b832632de1e418b,0E-18,93010514,""
USDC,MATIC,0xd3a22590f8243f8e83ac230d1842c9af0404c4a1,0E-18,93010514,Ceffu
USDC,MATIC,0x835678a611b28684005a5e2233695fb6cbbb0007,17.600000000000000000,93010514,""
USDC,AVAXC,0x978b21a854dbefcd6d51dfd269875d158046240b,3479.905000000000000000,94159927,""
USDC,AVAXC,0x43684d03d81d3a4c70da68febdd61029d426f042,0.216825000000000000,94159927,""
USDC,AVAXC,0xaba2d404c5c41da5964453a368aff2604ae80a14,573.551202000000000000,94159927,""
USDC,AVAXC,0x4aec0e98fc1fb55b9cc2faaa7a81acca42cb4e96,0E-18,94159927,""
USDC,AVAXC,0x5a52e96bacdabb82fd05763e25335261b270efcb,0E-18,94159927,""
USDC,AVAXC,0x4aefa39caeadd662ae31ab0ce7c8c2c9c0a013e8,0E-18,94159927,""
USDC,AVAXC,0x4ed6cf63bd9c009d247ee51224fc1c7041f517f1,0E-18,94159927,""
USDC,AVAXC,0xa7c0d36c4698981fab42a7d8c783674c6fe2592d,0E-18,94159927,""
USDC,AVAXC,0x3bce63c6c9abf7a47f52c9a3a7950867700b0158,0E-18,94159927,""
USDC,AVAXC,0x6d8be5cdf0d7dee1f04e25fd70b001ae3b907824,0E-18,94159927,""
USDC,CELO,0x4ed6cf63bd9c009d247ee51224fc1c7041f517f1,0E-18,76320041,""
USDC,CELO,0xf6436829cf96ea0f8bc49d300c536fcc4f84c4ed,0E-18,76320041,""
USDC,AVAXC,0x45d3d68f14038099530b1c4448db8ecdd78179b1,50285457.250000000000000000,94159927,""
USDC,AVAXC,0x835678a611b28684005a5e2233695fb6cbbb0007,0.216825000000000000,94159927,""
USDC,AVAXC,0x9f8c163cba728e99993abe7495f06c0a3c8ac8b9,0E-18,94159927,""
USDC,AVAXC,0xcddc5d0ebeb71a08fff26909aa6c0d4e256b4fe1,0E-18,94159927,""
USDC,CELO,0xee7ae85f2fe2239e27d9c1e23fffe168d63b4055,8852773.897000000000000000,76320041,""
USDC,CELO,0x2977aa854ac29251afccaa3935369483eb296a3b,0E-18,76320041,""
USDC,CELO,0xef268b5c05452d63a17da12f562368e88a036ef1,0E-18,76320041,""
USDC,SUI,0x935029ca5219502a47ac9b69f556ccf6e2198b5e7815cf50f68846f723739cbd,0E-18,317287615,""
USDC,NEAR,d04204b6591fefb973a8ed60929f8211af89ee38020da9faf905acdc7a320063,749801.558600000000000000,213761241,""
USDC,NEAR,binancecold3.near,0E-18,213761241,""
USDC,SEIEVM,0xee7ae85f2fe2239e27d9c1e23fffe168d63b4055,544986.853100000000000000,229479307,""
USDC,SEIEVM,0xf055616bfc551a314f24ab6c09e8e1582b49cb44,1000000.000000000000000000,229479307,""
USDC,BSC,0x0e4158c85ff724526233c1aeb4ff6f0c46827fbe,1.0000000000E-8,119243645,Ceffu
USDC,BSC,0x01c952174c24e1210d26961d456a77a39e1f0bb0,0E-18,119243645,""
USDC,BSC,0x1fbe2acee135d991592f167ac371f3dd893a508b,0E-18,119243645,""
USDC,BSC,0x73f5ebe90f27b46ea12e5795d16c4b408b19cc6f,0E-18,119243645,""
USDC,BSC,0xa180fe01b906a1be37be6c534a3300785b20d947,0E-18,119243645,""
USDC,BSC,0x18e226459ccf0eec276514a4fd3b226d8961e4d1,2459865.906000000000000000,119243645,""
USDC,BSC,0xdccf3b77da55107280bd850ea519df3705d1a75a,0E-18,119243645,""
USDC,BSC,0x161ba15a5f335c9f06bb5bbb0a9ce14076fbb645,1.0000000000E-8,119243645,""
USDC,BSC,0xbe0eb53f46cd790cd13851d5eff43d12404d33e8,0.020000000000000000,119243645,""
USDC,BSC,0xbd612a3f30dca67bf60a39fd0d35e39b7ab80774,0E-18,119243645,""
USDC,BSC,0x3c783c21a0383057d128bae431894a5c19f9cf06,0E-18,119243645,""
USDC,BSC,0x835678a611b28684005a5e2233695fb6cbbb0007,0E-18,119243645,""
USDC,BSC,0x4ed6cf63bd9c009d247ee51224fc1c7041f517f1,6569546.230000000000000000,119243645,""
USDC,BSC,0x29bdfbf7d27462a2d115748ace2bd71a2646946c,0E-18,119243645,""
USDC,BSC,0x43684d03d81d3a4c70da68febdd61029d426f042,5292381.692000000000000000,119243645,""
USDC,BSC,0xf977814e90da44bfa03b6295a0616a897441acec,480000000.000000000000000000,119243645,""
USDC,BSC,0x515b72ed8a97f42c568d6a143232775018f133c8,1.0000000000E-8,119243645,""
USDC,BSC,0xa7c0d36c4698981fab42a7d8c783674c6fe2592d,0E-18,119243645,""
USDC,BSC,0xd3a22590f8243f8e83ac230d1842c9af0404c4a1,0.000010010000000000,119243645,Ceffu
USDC,BSC,0x08439901c2bb071cd0812ed329675c9657434083,7492311.989000000000000000,119243645,Ceffu
USDC,BSC,0x5a52e96bacdabb82fd05763e25335261b270efcb,0E-18,119243645,""
USDC,BSC,0xeb2d2f1b8c558a40207669291fda468e50c8a0bb,1.0000000000E-8,119243645,""
USDC,BSC,0x4aec0e98fc1fb55b9cc2faaa7a81acca42cb4e96,127048.705600000000000000,119243645,""
USDC,BSC,0x98adef6f2ac8572ec48965509d69a8dd5e8bba9d,106001506.900000000000000000,119243645,""
USDC,SOL,G9RCBaYb8aBRxoe8QBC2ucGrVqjuZFysRhY8d56cnNT1,0.002036000000000000,443282097,""
USDC,SOL,2ojv9BAiHUrvsm9gxDe7fJSzbNZSJcxZvf8dqmWGHG8S,4.883151000000000000,443282097,""
USDC,SOL,H8BgJgae6qhMtf7BM2JtddywSQt11WdxHHxkGLNX5hss,516235415.200000000000000000,443282097,""
USDC,SOL,5SDrsMNTYdhmApjfqYHDvjoW92f2S42vcc7zNDVcQ9Ej,581765.967500000000000000,443282097,Ceffu
USDC,SOL,3gd3dqgtJ4jWfBfLYTX67DALFetjc5iS72sCgRhCkW2u,0.000300000000000000,443282097,""
USDC,SOL,28nYGHJyUVcVdxZtzKByBXEj127XnrUkrE3VaGuWj1ZU,0E-18,443282097,Ceffu
USDC,SOL,6QJzieMYfp7yr3EdrePaQoG3Ghxs2wM98xSLRu8Xh56U,0E-18,443282097,""
USDC,SOL,9WzDXwBbmkg8ZTbNMqUxvQRAyrZzDsGYdLVL9zYtAWWM,1094.243450000000000000,443282097,""
USDC,SOL,HXsKP7wrBWaQ8T2Vtjry3Nj3oUgwYcqq9vrHDM12G664,0E-18,443282097,""
USDC,ARBITRUM,0x1b5b4e441f5a22bfd91b7772c780463f66a74b35,0.017052000000000000,500455224,""
USDC,ARBITRUM,0xf92402bb795fd7cd08fb83839689db79099c8c9c,163.010000000000000000,500455224,""
USDC,ARBITRUM,0x4aec0e98fc1fb55b9cc2faaa7a81acca42cb4e96,0E-18,500455224,""
USDC,ARBITRUM,0x5a52e96bacdabb82fd05763e25335261b270efcb,0.000002000000000000,500455224,""
USDC,ARBITRUM,0x3931dab967c3e2dbb492fe12460a66d0fe4cc857,242.530693000000000000,500455224,""
USDC,ARBITRUM,0xf977814e90da44bfa03b6295a0616a897441acec,0.050059000000000000,500455224,""
USDC,ARBITRUM,0x71a7de1bdad3904b312717843597f549d2a79eb8,1083298.242000000000000000,500455224,Ceffu
USDC,ARBITRUM,0x18e226459ccf0eec276514a4fd3b226d8961e4d1,0E-18,500455224,""
USDC,ARBITRUM,0x4ed6cf63bd9c009d247ee51224fc1c7041f517f1,0E-18,500455224,""
USDC,ARBITRUM,0x25681ab599b4e2ceea31f8b498052c53fc2d74db,12.729713000000000000,500455224,""
USDC,ARBITRUM,0xc8812d1d1918587924ad84bcf8687bfbb1231f85,2.005413000000000000,500455224,Ceffu
USDC,ARBITRUM,0xb93b82f33e2653b544e046128f3cb47879dc917b,814333.094300000000000000,500455224,Ceffu
USDC,ARBITRUM,0xb38e8c17e38363af6ebdcb3dae12e0243582891d,2534.086971000000000000,500455224,""
USDC,ARBITRUM,0x43684d03d81d3a4c70da68febdd61029d426f042,0E-18,500455224,""
USDC,ARBITRUM,0x9dfb9014e88087fba78cc9309c64031d02be9a33,0E-18,500455224,""
USDC,ARBITRUM,0xa7c0d36c4698981fab42a7d8c783674c6fe2592d,0E-18,500455224,""
USDC,ARBITRUM,0x835678a611b28684005a5e2233695fb6cbbb0007,0E-18,500455224,""
USDC,ARBITRUM,0xd3a22590f8243f8e83ac230d1842c9af0404c4a1,0.000010000000000000,500455224,Ceffu
USDC,APT,0xaa367ea8e145e3af459d3b8f6d50b96c76d9cf9c7dabedf9fff192f36eda0ee0,96583226.280000000000000000,1012869185,""
USDC,SUI,0xac5bceec1b789ff840d7d4e6ce4ce61c90d190a7f8c4f4ddf0bff6ee2413c33c,0.287396000000000000,317287615,""
USDC,SUI,0x7ab9a6a7109dcb9cb357a109f32dfcc78a7aa2d6029084eb924d95133fc71cec,0E-18,317287615,""
USDC,APT,0xae1a6f3d3daccaf77b55044cea133379934bba04a11b9d0bbd643eae5e6e9c70,182487.100900000000000000,1012869185,""
USDC,APT,0x80174e0fe8cb2d32b038c6c888dd95c3e1560736f0d4a6e8bed6ae43b5c91f6f,1791897.020000000000000000,1012869185,""
USDC,APT,0xd91c64b777e51395c6ea9dec562ed79a4afa0cd6dad5a87b187c37198a1f855a,0E-18,1012869185,""
USDC,APT,0x5bd7de5c56d5691f32ea86c973c73fec7b1445e59736c97158020018c080bb00,0E-18,1012869185,""
USDC,APT,0xbe13ea18241ed83ada91e8f5ca37b5507b397cb66ae1e52151cf32a96547600b,44777230.280000000000000000,1012869185,""
USDC,APT,0xed8c46bec9dbc2b23c60568f822b95b87ea395f7e3fdb5e3adc0a30c55c0a60e,0E-18,1012869185,""
USDE,ETH,0xf977814e90da44bfa03b6295a0616a897441acec,40000000.000000000000000000,25878704,""
USDE,ETH,0x28c6c06298d514db089934071355e5743bf21d60,13228919.580000000000000000,25878704,""
USDE,ETH,0x3a3c006053a9b40286b9951a11be4c5808c11dc8,16564270.380000000000000000,25878704,Ceffu
USDE,ETH,0x21a31ee1afc51d94c2efccaa2092ad1028285549,2044570.422000000000000000,25878704,""
USDE,ETH,0xdfd5293d8e347dfe59e90efd55b2956a1343963d,2161583.659000000000000000,25878704,""
USDE,ETH,0x5a52e96bacdabb82fd05763e25335261b270efcb,46000000.000000000000000000,25878704,""
USDE,ETH,0x98adef6f2ac8572ec48965509d69a8dd5e8bba9d,4679063.707000000000000000,25878704,""
USDE,BSC,0x4ed6cf63bd9c009d247ee51224fc1c7041f517f1,1.000116500000000000,119243645,""
USDE,BSC,0xe2fc31f816a9b94326492132018c3aecc4a93ae1,733982.215100000000000000,119243645,""
USDE,BSC,0xf977814e90da44bfa03b6295a0616a897441acec,110000000.000000000000000000,119243645,""
USDE,BSC,0x08439901c2bb071cd0812ed329675c9657434083,986185.142700000000000000,119243645,Ceffu
USDE,BSC,0x5a52e96bacdabb82fd05763e25335261b270efcb,3613425.025000000000000000,119243645,""
USDE,BSC,0x8894e0a0c962cb723c1976a4421c95949be2d4e3,52881854.890000000000000000,119243645,""
USDE,BSC,0x98adef6f2ac8572ec48965509d69a8dd5e8bba9d,6363.073298000000000000,119243645,""
USDT,MATIC,0x290275e3db66394c52272398959845170e4dcb88,13441356.360000000000000000,93010514,""
USDT,TRX,TYASr5UV6HEcXatwdFQfmLVUqQQQMUxHLS,49959069.410000000000000000,85849746,""
USDT,TRX,TK4ykR48cQQoyFcZ5N4xZCbsBaHcg6n3gJ,38987865.480000000000000000,85849746,""
USDT,TRX,TJDENsfBJs4RFETt1X1W8wMDc8M5XnJhCe,46788664.350000000000000000,85849746,""
USDT,TRX,TDqSquXBgUCLYvYC4XZgrprLK589dkhSCf,708267249.600000000000000000,85849746,""
USDT,TRX,TJ5usJLLwjwn7Pw3TPbdzreG7dvgKzfQ5y,40525326.240000000000000000,85849746,""
USDT,TRX,TQrY8tryqsYVCYS3MFbtffiPp2ccyn4STm,42678967.500000000000000000,85849746,""
USDT,TRX,TJqwA7SoZnERE4zW5uDEiPkbz4B66h9TFj,34674262.430000000000000000,85849746,""
USDT,TRX,TCLgK89AnXbC9rewvhNb9UgXCc2qJJpBXh,52398665.380000000000000000,85849746,""
USDT,TRX,TNXoiAJ3dct8Fjg4M9fkLFh9S2v9TXc32G,30513459.140000000000000000,85849746,""
USDT,TRX,TAzsQ9Gx8eqFNFSKbeXrbi45CuVPHzA8wr,50815743.240000000000000000,85849746,""
USDT,ETH,0x21a31ee1afc51d94c2efccaa2092ad1028285549,61215418.610000000000000000,25878704,""
USDT,ETH,0x56eddb7aa87536c09ccc2793473599fd21a8b17f,77541653.770000000000000000,25878704,""
USDT,ETH,0x28c6c06298d514db089934071355e5743bf21d60,621548106.700000000000000000,25878704,""
USDT,ETH,0xdfd5293d8e347dfe59e90efd55b2956a1343963d,78450022.670000000000000000,25878704,""
USDT,ETH,0x9696f59e4d72e237be84ffd425dcad154bf96976,60471243.640000000000000000,25878704,""
USDT,MATIC,0xe7804c37c13166ff0b37f5ae0bb07a3aebb6e245,17035460.370000000000000000,93010514,""
USDT,BSC,0xe2fc31f816a9b94326492132018c3aecc4a93ae1,24283125.680000000000000000,119243645,""
USDT,BSC,0xa180fe01b906a1be37be6c534a3300785b20d947,28726559.600000000000000000,119243645,""
USDT,BSC,0xeb2d2f1b8c558a40207669291fda468e50c8a0bb,21536884.680000000000000000,119243645,""
USDT,BSC,0x161ba15a5f335c9f06bb5bbb0a9ce14076fbb645,29301592.560000000000000000,119243645,""
USDT,BSC,0x8894e0a0c962cb723c1976a4421c95949be2d4e3,192024101.400000000000000000,119243645,""
USDT,BSC,0x515b72ed8a97f42c568d6a143232775018f133c8,23313472.730000000000000000,119243645,""
USDT,BSC,0xbd612a3f30dca67bf60a39fd0d35e39b7ab80774,23439549.090000000000000000,119243645,""
USDT,PLASMA,0x8741b106e9738a6971ad07dabcfe95ff66337b51,214135810.300000000000000000,31280237,""
USDT,MATIC,0x505e71695e9bc45943c58adec1650577bca68fd9,15898495.820000000000000000,93010514,""
USDT,TON,UQDKHZ7e70CzqdvZCC83Z4WVR8POC_ZB0J1Y4zo88G-zCSRH,12248890.880000000000000000,89799585,""
USDT,AVAXC,0x6d8be5cdf0d7dee1f04e25fd70b001ae3b907824,2545158.425000000000000000,94159927,""
USDT,OPTIMISM,0xacd03d601e5bb1b275bb94076ff46ed9d753435a,15573155.450000000000000000,156311011,""
USDT,SOL,5tzFkiKscXHK5ZXCGbXZxdw7gTjjD1mBwuoFbhUvuAi9,476368442.400000000000000000,443282097,""
USDT,AVAXC,0xcddc5d0ebeb71a08fff26909aa6c0d4e256b4fe1,3266946.366000000000000000,94159927,""
USDT,CELO,0xf6436829cf96ea0f8bc49d300c536fcc4f84c4ed,6959293.861000000000000000,76320041,""
USDT,SCROLL,0xf977814e90da44bfa03b6295a0616a897441acec,1686694.999000000000000000,34869157,""
USDT,SCROLL,0x687b50a70d33d71f9a82dd330b8c091e4d772508,8856.338654000000000000,34869157,""
USDT,ETH,0x3a3c006053a9b40286b9951a11be4c5808c11dc8,106172344.600000000000000000,25878704,Ceffu
USDT,ETH,0xf977814e90da44bfa03b6295a0616a897441acec,17000000000.000000000000000000,25878704,""
USDT,ETH,0x18e226459ccf0eec276514a4fd3b226d8961e4d1,430961.748400000000000000,25878704,""
USDT,ARBITRUM,0x3931dab967c3e2dbb492fe12460a66d0fe4cc857,6816666.393000000000000000,500455224,""
USDT,ARBITRUM,0xb38e8c17e38363af6ebdcb3dae12e0243582891d,29011328.880000000000000000,500455224,""
USDT,ETH,0x43684d03d81d3a4c70da68febdd61029d426f042,122953055.200000000000000000,25878704,""
USDT,ETH,0x5a52e96bacdabb82fd05763e25335261b270efcb,3040521385.000000000000000000,25878704,""
USDT,ETH,0x4ed6cf63bd9c009d247ee51224fc1c7041f517f1,26295126.040000000000000000,25878704,""
USDT,ETH,0x4fdfe365436b5273a42f135c6a6244a20404271e,2.001000000000000000,25878704,""
USDT,ETH,0xa7c0d36c4698981fab42a7d8c783674c6fe2592d,618929684.800000000000000000,25878704,""
USDT,ETH,0x835678a611b28684005a5e2233695fb6cbbb0007,5544575956.000000000000000000,25878704,""
USDT,ETH,0xd3a22590f8243f8e83ac230d1842c9af0404c4a1,0.000447000000000000,25878704,Ceffu
USDT,ETH,0x4a9e49a45a4b2545cb177f79c7381a30e1dc261f,0.012569000000000000,25878704,Ceffu
USDT,ETH,0x98adef6f2ac8572ec48965509d69a8dd5e8bba9d,657068380.100000000000000000,25878704,""
USDT,ETH,0x22132139bf7f3921b1cadeab931f4fbf7bf2bc9e,600000001.400000000000000000,25878704,""
USDT,ETH,0xc8daf809c7d7c27dd62d006196d8901ba57e5eae,10.000392000000000000,25878704,""
USDT,KAIA,0x86d2660297c82ac656715e00c979fb5ca65eecc5,21984523.810000000000000000,226020599,""
USDT,STATEMINT,13vg3Mrxm3GL9eXxLsGgLYRueiwFCiMbkdHBL4ZN5aob5D4N,10928911.120000000000000000,20119207,""
USDT,KAVAEVM,0x952b67a8dd64d136ddee8ea6117a643e0f8278a7,13935926.220000000000000000,22363856,""
USDT,OPBNB,0x001ceb373c83ae75b9f5cf78fc2aba3e185d09e2,1046795.443000000000000000,180415476,""
USDT,AVAXC,0xaba2d404c5c41da5964453a368aff2604ae80a14,2978814.903000000000000000,94159927,""
USDT,XTZ,tz2WDATNYnp7FdsmuZDYSidioZqeoLNZqXvE,2937517.122000000000000000,14748075,""
USDT,XTZ,tz1Q3jvYU9knekDYJfyvj3GjUy6898MNjvb2,14579292.920000000000000000,14748075,""
USDT,AVAXC,0x9f8c163cba728e99993abe7495f06c0a3c8ac8b9,34279327.830000000000000000,94159927,""
USDT,AVAXC,0x3bce63c6c9abf7a47f52c9a3a7950867700b0158,1711358.932000000000000000,94159927,""
USDT,STATEMINT,1qnJN7FViy3HZaxZK9tGAA71zxHSBeUweirKqCaox4t8GT7,106333.646800000000000000,20119207,""
USDT,AVAXC,0x978b21a854dbefcd6d51dfd269875d158046240b,2028210.277000000000000000,94159927,""
USDT,TRX,TPtW5TEHhouj6KGshVu5ZQSKZA48QPBnXG,3084166.245000000000000000,85849746,""
USDT,TRX,TMuA6YqfCeX8EhbfYEg5y7S4DqzSJireY9,3.100000000000000000,85849746,""
USDT,TRX,TQq26fUorctUZvrAgKg8Wz6QyYHvYd6xWK,13412511.420000000000000000,85849746,Ceffu
USDT,TRX,TCEn8ogRSiqdqv26UhsJmQQemrgJS56ZBD,3054944.819000000000000000,85849746,""
USDT,TRX,TVGDpgtCs45PJE7ZMHhiC76L3v77qAwJW9,109453827.800000000000000000,85849746,Ceffu
USDT,TRX,TWd4WrZ9wn84f5x1hZhL4DHvk738ns5jwb,4.050000000000000000,85849746,""
USDT,TRX,TMwf7KT8CCdUKuZfKNPTTjbYkFb3eGRbzY,0.130000000000000000,85849746,""
USDT,ARBITRUM,0x25681ab599b4e2ceea31f8b498052c53fc2d74db,7198025.110000000000000000,500455224,""
USDT,NEAR,5c33c6218d47e00ef229f60da78d0897e1ee9665312550b8afd5f9c7bc6957d2,1513975.088000000000000000,213761241,""
USDT,OPTIMISM,0x18e226459ccf0eec276514a4fd3b226d8961e4d1,1783.335686000000000000,156311011,""
USDT,OPTIMISM,0x98adef6f2ac8572ec48965509d69a8dd5e8bba9d,187097.633900000000000000,156311011,""
USDT,OPTIMISM,0xf977814e90da44bfa03b6295a0616a897441acec,73341107.180000000000000000,156311011,""
USDT,MATIC,0xf977814e90da44bfa03b6295a0616a897441acec,20000000.000000000000000000,93010514,""
USDT,MATIC,0x18e226459ccf0eec276514a4fd3b226d8961e4d1,656702.239900000000000000,93010514,""
USDT,MATIC,0xd3a22590f8243f8e83ac230d1842c9af0404c4a1,122.739880000000000000,93010514,Ceffu
USDT,MATIC,0x98adef6f2ac8572ec48965509d69a8dd5e8bba9d,279088.562200000000000000,93010514,""
USDT,NEAR,9c484fa5d2d069569ba063fc555c34e621ccd88fdbb0295fc79bad232621c5c1,207502.592800000000000000,213761241,""
USDT,APT,0xae1a6f3d3daccaf77b55044cea133379934bba04a11b9d0bbd643eae5e6e9c70,244818308.800000000000000000,1012869185,""
USDT,AVAXC,0x98adef6f2ac8572ec48965509d69a8dd5e8bba9d,7619.600000000000000000,94159927,""
USDT,AVAXC,0x5a52e96bacdabb82fd05763e25335261b270efcb,0.001390000000000000,94159927,""
USDT,AVAXC,0x4aefa39caeadd662ae31ab0ce7c8c2c9c0a013e8,20000000.000000000000000000,94159927,""
USDT,CELO,0xef268b5c05452d63a17da12f562368e88a036ef1,40095425.870000000000000000,76320041,""
USDT,PLASMA,0x5d87f3b8fe3f0e4a18694d80806e09dc3a4f710a,121126.540100000000000000,31280237,Ceffu
USDT,PLASMA,0xc8daf809c7d7c27dd62d006196d8901ba57e5eae,1.000010000000000000,31280237,""
USDT,PLASMA,0xf977814e90da44bfa03b6295a0616a897441acec,100000000.000000000000000000,31280237,""
USDT,NEAR,d04204b6591fefb973a8ed60929f8211af89ee38020da9faf905acdc7a320063,110419.287200000000000000,213761241,""
USDT,NEAR,binancecold3.near,32361545.510000000000000000,213761241,""
USDT,NEAR,451913e633c72fb951effe076d3bd2977e3f08083dcf6c87fa89992b0d437c5c,182068.318800000000000000,213761241,""
USDT,BSC,0x0e4158c85ff724526233c1aeb4ff6f0c46827fbe,0.001999010000000000,119243645,Ceffu
USDT,BSC,0x18e226459ccf0eec276514a4fd3b226d8961e4d1,69587619.150000000000000000,119243645,""
USDT,BSC,0xbe0eb53f46cd790cd13851d5eff43d12404d33e8,17.462000100000000000,119243645,""
USDT,BSC,0x835678a611b28684005a5e2233695fb6cbbb0007,0.070100120000000000,119243645,""
USDT,BSC,0x4ed6cf63bd9c009d247ee51224fc1c7041f517f1,0.000400000000000000,119243645,""
USDT,BSC,0x29bdfbf7d27462a2d115748ace2bd71a2646946c,1.0000000000E-8,119243645,""
USDT,BSC,0xf977814e90da44bfa03b6295a0616a897441acec,696927871.500000000000000000,119243645,""
USDT,BSC,0x5a52e96bacdabb82fd05763e25335261b270efcb,0.115892540000000000,119243645,""
USDT,TON,UQD4uGNdB4a3f52mYOZf0x1nCmdd1DAvrLppL0a1cetTYCQx,116701523.300000000000000000,89799585,""
USDT,BSC,0xd3a22590f8243f8e83ac230d1842c9af0404c4a1,2578517.445000000000000000,119243645,Ceffu
USDT,BSC,0x08439901c2bb071cd0812ed329675c9657434083,7331392.772000000000000000,119243645,Ceffu
USDT,BSC,0x4fdfe365436b5273a42f135c6a6244a20404271e,52679580.680000000000000000,119243645,""
USDT,BSC,0x4aec0e98fc1fb55b9cc2faaa7a81acca42cb4e96,11111812.880000000000000000,119243645,""
USDT,TON,UQAdCl0uTEHMLzvmsD6o69FXjxbNavwaP7pPAGMLCRf9aEbe,25023.746640000000000000,89799585,Ceffu
USDT,BSC,0x98adef6f2ac8572ec48965509d69a8dd5e8bba9d,3174832.314000000000000000,119243645,""
USDT,SOL,2ojv9BAiHUrvsm9gxDe7fJSzbNZSJcxZvf8dqmWGHG8S,5.000001000000000000,443282097,""
USDT,SOL,G9RCBaYb8aBRxoe8QBC2ucGrVqjuZFysRhY8d56cnNT1,311489.421500000000000000,443282097,""
USDT,SOL,28nYGHJyUVcVdxZtzKByBXEj127XnrUkrE3VaGuWj1ZU,33609724.970000000000000000,443282097,Ceffu
USDT,SOL,5SDrsMNTYdhmApjfqYHDvjoW92f2S42vcc7zNDVcQ9Ej,99748.931440000000000000,443282097,Ceffu
USDT,SOL,38xCLm9kSExfGU1GdyVuX4vop7SZns9kU2mQyTmmMdUP,204488.267700000000000000,443282097,""
USDT,SOL,9WzDXwBbmkg8ZTbNMqUxvQRAyrZzDsGYdLVL9zYtAWWM,457173943.700000000000000000,443282097,""
USDT,ARBITRUM,0xc8812d1d1918587924ad84bcf8687bfbb1231f85,1720955.481000000000000000,500455224,Ceffu
USDT,ARBITRUM,0xd3a22590f8243f8e83ac230d1842c9af0404c4a1,30.860000000000000000,500455224,Ceffu
USDT,ARBITRUM,0x98adef6f2ac8572ec48965509d69a8dd5e8bba9d,522190.749400000000000000,500455224,""
USDT,ARBITRUM,0x18e226459ccf0eec276514a4fd3b226d8961e4d1,14409.777950000000000000,500455224,""
USDT,ARBITRUM,0xf977814e90da44bfa03b6295a0616a897441acec,50000000.000000000000000000,500455224,""
USDT,OPBNB,0xf977814e90da44bfa03b6295a0616a897441acec,38000000.000000000000000000,180415476,""
USDT,APT,0xd91c64b777e51395c6ea9dec562ed79a4afa0cd6dad5a87b187c37198a1f855a,11582.955000000000000000,1012869185,""
USDT,APT,0xed8c46bec9dbc2b23c60568f822b95b87ea395f7e3fdb5e3adc0a30c55c0a60e,60000000.000000000000000000,1012869185,""
WIF,SOL,5tzFkiKscXHK5ZXCGbXZxdw7gTjjD1mBwuoFbhUvuAi9,10931446.370000000000000000,443282097,""
WIF,SOL,G9RCBaYb8aBRxoe8QBC2ucGrVqjuZFysRhY8d56cnNT1,792404.609800000000000000,443282097,""
WIF,SOL,GBrURzmtWujJRTA3Bkvo7ZgWuZYLMMwPCwre7BejJXnK,10410235.540000000000000000,443282097,""
WIF,SOL,5SDrsMNTYdhmApjfqYHDvjoW92f2S42vcc7zNDVcQ9Ej,1371140.099000000000000000,443282097,Ceffu
WIF,SOL,38xCLm9kSExfGU1GdyVuX4vop7SZns9kU2mQyTmmMdUP,6083859.216000000000000000,443282097,""
WIF,SOL,3gd3dqgtJ4jWfBfLYTX67DALFetjc5iS72sCgRhCkW2u,66759113.340000000000000000,443282097,""
WIF,SOL,6QJzieMYfp7yr3EdrePaQoG3Ghxs2wM98xSLRu8Xh56U,6404831.324000000000000000,443282097,""
WIF,SOL,9WzDXwBbmkg8ZTbNMqUxvQRAyrZzDsGYdLVL9zYtAWWM,68602728.820000000000000000,443282097,""
WIF,SOL,EPauhjQjjTBCpeBtszS3xGRASLpEJFM1cspSiFRXZa9Z,84968.434690000000000000,443282097,""
WLD,ETH,0x28c6c06298d514db089934071355e5743bf21d60,28468960.210000000000000000,25878704,""
WLD,WLD,0x3b9ce4b73fb57181194d83ec44544c0ccc77319a,2795121.497000000000000000,34442580,""
WLD,ETH,0x43684d03d81d3a4c70da68febdd61029d426f042,4118166.556000000000000000,25878704,""
WLD,ETH,0x18e226459ccf0eec276514a4fd3b226d8961e4d1,984647.981400000000000000,25878704,""
WLD,ETH,0x3a3c006053a9b40286b9951a11be4c5808c11dc8,186155.083300000000000000,25878704,Ceffu
WLD,ETH,0xd3a22590f8243f8e83ac230d1842c9af0404c4a1,5834.586000000000000000,25878704,Ceffu
WLD,ETH,0xdfd5293d8e347dfe59e90efd55b2956a1343963d,2856547.607000000000000000,25878704,""
WLD,ETH,0x21a31ee1afc51d94c2efccaa2092ad1028285549,3760627.460000000000000000,25878704,""
WLD,ETH,0x4ed6cf63bd9c009d247ee51224fc1c7041f517f1,1238268.890000000000000000,25878704,""
WLD,ETH,0x98adef6f2ac8572ec48965509d69a8dd5e8bba9d,2388300.132000000000000000,25878704,""
WLD,OPTIMISM,0xacd03d601e5bb1b275bb94076ff46ed9d753435a,10808820.180000000000000000,156311011,""
WLD,OPTIMISM,0xf977814e90da44bfa03b6295a0616a897441acec,30000000.000000000000000000,156311011,""
WLD,WLD,0x98adef6f2ac8572ec48965509d69a8dd5e8bba9d,15144216.640000000000000000,34442580,""
WLD,WLD,0xf977814e90da44bfa03b6295a0616a897441acec,279890085.100000000000000000,34442580,""
WLD,WLD,0x18e226459ccf0eec276514a4fd3b226d8961e4d1,1755169.654000000000000000,34442580,""
WLD,WLD,0x4ed6cf63bd9c009d247ee51224fc1c7041f517f1,48138.857840000000000000,34442580,""
WLD,WLD,0x43684d03d81d3a4c70da68febdd61029d426f042,13271021.730000000000000000,34442580,""
WLD,WLD,0xe177d3d9ca5c12742b37b2dc9a786e8ea0ad4ad6,261069.101300000000000000,34442580,Ceffu
WLD,WLD,Bridging in progress,20000000.000000000000000000,34442580,""
WLFI,ETH,0x28c6c06298d514db089934071355e5743bf21d60,81598041.960000000000000000,25878704,""
WLFI,ETH,0x43684d03d81d3a4c70da68febdd61029d426f042,35793012.980000000000000000,25878704,""
WLFI,ETH,0xdfd5293d8e347dfe59e90efd55b2956a1343963d,9438569.620000000000000000,25878704,""
WLFI,ETH,0x4ed6cf63bd9c009d247ee51224fc1c7041f517f1,501614.076400000000000000,25878704,""
WLFI,ETH,0x21a31ee1afc51d94c2efccaa2092ad1028285549,7939137.080000000000000000,25878704,""
WLFI,ETH,0xf977814e90da44bfa03b6295a0616a897441acec,1000000000.000000000000000000,25878704,""
WLFI,ETH,0x5a52e96bacdabb82fd05763e25335261b270efcb,1461293058.000000000000000000,25878704,""
WLFI,ETH,0x98adef6f2ac8572ec48965509d69a8dd5e8bba9d,14059173.920000000000000000,25878704,""
WLFI,BSC,0x8894e0a0c962cb723c1976a4421c95949be2d4e3,52174309.000000000000000000,119243645,""
WLFI,BSC,0xe2fc31f816a9b94326492132018c3aecc4a93ae1,7756081.940000000000000000,119243645,""
WLFI,BSC,0xf977814e90da44bfa03b6295a0616a897441acec,161688699.000000000000000000,119243645,""
WLFI,SOL,5tzFkiKscXHK5ZXCGbXZxdw7gTjjD1mBwuoFbhUvuAi9,4831125.793000000000000000,443282097,""
WLFI,SOL,9WzDXwBbmkg8ZTbNMqUxvQRAyrZzDsGYdLVL9zYtAWWM,111042492.700000000000000000,443282097,""
XLM,XLM,GCETHWILKC242GHWHCYAI4VAU4D4JZ637XHCAEABW6EVWWDILXNRMPJF,20035809.240000000000000000,64216184,""
XLM,XLM,GC5LF63GRVIT5ZXXCXLPI3RX2YXKJQFZVBSAO6AUELN3YIMSWPD6Z6FH,147328664.700000000000000000,64216184,""
XLM,XLM,GDHF3HIKWM5KJAVLZBSZWUFDOEOT7IBMY22UXG4QBE326O354INLPAND,17979906.480000000000000000,64216184,""
XLM,XLM,GDQQOTRFDRZVBOFEJAEBN775RF5XE4AR35LZ4BGMDH4JB7KI7WEDBWSU,7402716.226000000000000000,64216184,""
XLM,XLM,GDHHM36IL4KLKLIXPOYGECR34GKYK6BWIQUCWFX7HT7D6T3JT3HAGL4T,9568094.355000000000000000,64216184,""
XLM,XLM,GDQ2ODI5FOG7SXQHILC2UGHLSCE5QTKTMX7K2BZ2Y56UYEK46PRGI7RG,14995219.820000000000000000,64216184,""
XLM,XLM,GBAIA5U6E3FSRUW55AXACIVGX2QR5JYAS74OWLED3S22EGXVYEHPLGPA,898140265.400000000000000000,64216184,""
XLM,XLM,GBLCAPC3EG4CQF27VHA72QLB5SWKO3PJUH3ABCJV5243JVW4QINCE55W,264336.470600000000000000,64216184,""
XLM,XLM,GAP4BWLLYAYEX6VBM4WS52CL73WYN3JNWG64Z3NLSX5JPEVEIOFCJ7OA,19796939.500000000000000000,64216184,""
XLM,XLM,GDDPCDDJSOUXZEHDJTTAYXVDZS2JCXHXGHNP6DT2FZOZH26IPHGHIK7S,1234859.807000000000000000,64216184,""
XLM,XLM,GAT53SBYIULS2XXDQCXXXJV4YUSBIWES74FZDJQHR2NONUTGKXSWVJBJ,60000001.910000000000000000,64216184,""
XLM,BSC,0x18e226459ccf0eec276514a4fd3b226d8961e4d1,3962530.796000000000000000,119243645,""
XLM,BSC,0x86523c87c8ec98c7539e2c58cd813ee9d1a08d96,7000.000000000000000000,119243645,""
XLM,BSC,0x4ed6cf63bd9c009d247ee51224fc1c7041f517f1,254212.405400000000000000,119243645,""
XLM,BSC,0xe2fc31f816a9b94326492132018c3aecc4a93ae1,1967113.919000000000000000,119243645,""
XLM,BSC,0x8894e0a0c962cb723c1976a4421c95949be2d4e3,1597608.058000000000000000,119243645,""
XLM,BSC,0x98adef6f2ac8572ec48965509d69a8dd5e8bba9d,559465.362200000000000000,119243645,""
XRP,XRP,rBtttd61FExHC68vsZ8dqmS3DfjFEceA1A,9256996.845000000000000000,106677545,""
XRP,XRP,rNU4eAowPuixS5ZCWaRL72UUeKgxcKExpK,10811931.390000000000000000,106677545,""
XRP,XRP,rfQ9EcLkU6WnNmkS3EwUkFeXeN47Rk8Cvi,14072599.400000000000000000,106677545,""
XRP,XRP,rDAE53VfMvftPB4ogpWGWvzkQxfht6JPxr,117524469.300000000000000000,106677545,""
XRP,XRP,rhWj9gaovwu2hZxYW7p388P8GRbuXFLQkK,8199250.960000000000000000,106677545,""
XRP,XRP,rarG6FaeYhnzSKSS5EEPofo4gFsPn2bZKk,8611211.904000000000000000,106677545,""
XRP,ETH,0x21a31ee1afc51d94c2efccaa2092ad1028285549,16614.804430000000000000,25878704,""
XRP,ETH,0xf977814e90da44bfa03b6295a0616a897441acec,1063162.174000000000000000,25878704,""
XRP,ETH,0x28c6c06298d514db089934071355e5743bf21d60,148787.545000000000000000,25878704,""
XRP,ETH,0xdfd5293d8e347dfe59e90efd55b2956a1343963d,21041.530000000000000000,25878704,""
XRP,ETH,0x5a52e96bacdabb82fd05763e25335261b270efcb,6429279.488000000000000000,25878704,""
XRP,XRP,rEbXa31msPbPDZgmLMKH7CaKaf7VipoLBo,126392003.200000000000000000,106677545,""
XRP,XRP,rpVu7CQHTGqWDvBzm3TB2drmZBmh6jGNz4,55707450.830000000000000000,106677545,""
XRP,XRP,rpmxpWis42eYV4oMhyxJNSzrLRdacJVooa,9.997000000000000000,106677545,Ceffu
XRP,XRP,rDNuKeiwTHWRCyBrh1aQUthLPkCUTxhz2W,15228846.850000000000000000,106677545,""
XRP,XRP,rKuP5k67YtHzsCmSQp7votF7u4afp4uNcm,31301795.610000000000000000,106677545,""
XRP,XRP,rQUp2PKzH3vCtKs5H9tsPPE1rTsN6fhjqn,16854871.480000000000000000,106677545,Ceffu
XRP,XRP,rGpxjNG7ovJTqNbahA6obUMyEfi7AnPax4,300163.008100000000000000,106677545,""
XRP,XRP,rPJ5GFpyDLv7gqeB1uZVUBwDwi41kaXN5A,42874348.730000000000000000,106677545,""
XRP,XRP,rPz2qA93PeRCyHyFCqyNggnyycJR1N4iNf,15774113.140000000000000000,106677545,""
XRP,XRP,rP3mUZyCDzZkTSd1VHoBbFt8HGm8fyq8qV,150378856.800000000000000000,106677545,""
XRP,XRP,rPPWMehpcyA8Mar8V2tkm5ggAdRQYL5UyS,67.572207000000000000,106677545,""
XRP,XRP,rs8ZPbYqgecRcDzQpJYAMhSxSi5htsjnza,1577715278.000000000000000000,106677545,""
XRP,XRP,rwkbXMJQLQhVhcjZnnHV4zu39N7WcQXQKX,8464888.388000000000000000,106677545,""
XRP,XRP,rEy8TFcrAPvhpKrwyrscNYyqBGUkE9hKaJ,11.056146000000000000,106677545,""
XRP,XRP,rDecw8UhrZZUiaWc91e571b3TL41MUioh7,67997462.050000000000000000,106677545,Ceffu
XRP,BSC,0x8894e0a0c962cb723c1976a4421c95949be2d4e3,651536.923900000000000000,119243645,""
XRP,BSC,0xe2fc31f816a9b94326492132018c3aecc4a93ae1,619451.930600000000000000,119243645,""
XRP,BSC,0x18e226459ccf0eec276514a4fd3b226d8961e4d1,205890.130900000000000000,119243645,""
XRP,BSC,0x835678a611b28684005a5e2233695fb6cbbb0007,940934.881700000000000000,119243645,""
XRP,BSC,0x4ed6cf63bd9c009d247ee51224fc1c7041f517f1,5069040.322000000000000000,119243645,""
XRP,BSC,0x5a52e96bacdabb82fd05763e25335261b270efcb,72366908.600000000000000000,119243645,""
XRP,BSC,0xf977814e90da44bfa03b6295a0616a897441acec,101136970.400000000000000000,119243645,""
XRP,BSC,0x08439901c2bb071cd0812ed329675c9657434083,208861.115600000000000000,119243645,Ceffu
XRP,BSC,0xeb2d2f1b8c558a40207669291fda468e50c8a0bb,1.0000000000E-8,119243645,""
XRP,BSC,0x98adef6f2ac8572ec48965509d69a8dd5e8bba9d,6273586.000000000000000000,119243645,""
XRP,XRP,rJb5KsHsDHF1YS5B5DU6QCkH5NsPaKQTcy,10.998982000000000000,106677545,""
ZEC,ZEC,t1gsBrGZGMyDGZw2icGnMpVBuEGVWip5kH8,400001.012800000000000000,3467590,""
ZEC,ZEC,t1cLXeZt4mWKohk51N3Vhy7cWJtfz6fgANF,46650.441300000000000000,3467590,""
ZEC,ZEC,t1PKBiv7mtzD9bNafYaqyxaENeiNDbpKxxQ,67305.118170000000000000,3467590,""
ZEC,ZEC,t1M1j1rPwUFGz8GDFrgi8rs9R3c7XtCH4Gv,9598.181909000000000000,3467590,""
ZEC,ZEC,t1RyCw14wRXrh3mp21uxgr9ynjem7cNUkMH,204810.646000000000000000,3467590,""
ZEC,ZEC,t1XP8Pjju5eMYVfXiFNNjkjY8kt5ZLL4maJ,191368.471800000000000000,3467590,""
ZEC,ZEC,t1Rmpqyu1jTXrjU8SEw6GmdRXdxCdPbmj6k,80430.178900000000000000,3467590,""
ZEC,BSC,0xe2fc31f816a9b94326492132018c3aecc4a93ae1,2553.762683000000000000,119243645,""
ZEC,BSC,0x8894e0a0c962cb723c1976a4421c95949be2d4e3,2185.612838000000000000,119243645,""
ZEC,BSC,0xf977814e90da44bfa03b6295a0616a897441acec,155919.498000000000000000,119243645,""
